phase,usage_note,family,pipeline_id,pipeline_hash,selector_eligible,offline_only,normalized_steps,timeout_profile,timeout_profile_override,case,scale_grade,final_nodes,final_levels,final_total_time_sec,final_peak_rss_mb,raw_nodes,raw_levels,raw_cec_status,raw_status,selected_nodes,selected_levels,selected_status,fallback_used,fallback_reason,metric_regression,metric_regression_reasons,raw_node_delta_vs_final,raw_level_delta_vs_final,selected_node_delta_vs_final,selected_level_delta_vs_final,opt_time,cec_time,stats_time,total_time,peak_RSS,runtime_ratio_vs_final,rss_ratio_vs_final,opt_returncode,cec_returncode,output_path,candidate_path,log_dir,cache_key
full,FULL_SEARCH_PHASE5_NOT_FINAL_DECISION,aig_resyn_family,aig_resyn_resub_zero,60777e0c5b48,true,false,strash; balance; rewrite -z; resub -z; refactor -z; dc2; balance,default,,tc_public_1,tiny,103,10,0.299524,10.1328125,122,9,passed,ok,122,9,selected_raw,false,,false,,19,-1,19,-1,0.085121,0.082209,0.061955,0.229285,10.336,0.765498,1.020046,0,0,results\pipeline_search2\full\aig_resyn_resub_zero\tc_public_1\selected.blif,results\pipeline_search2\full\aig_resyn_resub_zero\tc_public_1\raw.candidate.blif,results\pipeline_search2\full\aig_resyn_resub_zero\tc_public_1\logs,c8ff6d8f5ca614756172754247752068cf6f61ecb2ef82107cfb1867d71923ea
full,FULL_SEARCH_PHASE5_NOT_FINAL_DECISION,aig_resyn_family,aig_resyn_resub_zero,60777e0c5b48,true,false,strash; balance; rewrite -z; resub -z; refactor -z; dc2; balance,default,,tc_public_10,small,161,4,0.257631,10.39453125,161,4,passed,ok,161,4,selected_raw,false,,false,,0,0,0,0,0.085113,0.062055,0.077605,0.224773,10.375,0.872462,0.998121,0,0,results\pipeline_search2\full\aig_resyn_resub_zero\tc_public_10\selected.blif,results\pipeline_search2\full\aig_resyn_resub_zero\tc_public_10\raw.candidate.blif,results\pipeline_search2\full\aig_resyn_resub_zero\tc_public_10\logs,467172b148d513167c183486ca149262e43f1074fdee2d842fc0d50ffe958d67
full,FULL_SEARCH_PHASE5_NOT_FINAL_DECISION,aig_resyn_family,aig_resyn_resub_zero,60777e0c5b48,true,false,strash; balance; rewrite -z; resub -z; refactor -z; dc2; balance,default,,tc_public_11,medium,328,7,0.286706,10.80859375,328,7,passed,ok,328,7,selected_raw,false,,false,,0,0,0,0,0.102699,0.082706,0.062554,0.247959,10.809,0.864855,1.000000,0,0,results\pipeline_search2\full\aig_resyn_resub_zero\tc_public_11\selected.blif,results\pipeline_search2\full\aig_resyn_resub_zero\tc_public_11\raw.candidate.blif,results\pipeline_search2\full\aig_resyn_resub_zero\tc_public_11\logs,ae7031b2620c2e0e5f84d94b22f1f06613f2d8a8c49da8fa5edfe02619289d2d
full,FULL_SEARCH_PHASE5_NOT_FINAL_DECISION,aig_resyn_family,aig_resyn_resub_zero,60777e0c5b48,true,false,strash; balance; rewrite -z; resub -z; refactor -z; dc2; balance,default,,tc_public_12,medium,1385,13,0.346738,13.5625,1385,14,passed,ok,1385,14,selected_raw,false,,false,,0,1,0,1,0.121399,0.107347,0.063401,0.292147,12.402,0.842560,0.914459,0,0,results\pipeline_search2\full\aig_resyn_resub_zero\tc_public_12\selected.blif,results\pipeline_search2\full\aig_resyn_resub_zero\tc_public_12\raw.candidate.blif,results\pipeline_search2\full\aig_resyn_resub_zero\tc_public_12\logs,ed92a894e92973d5282cbfb505a934e90e64247716597a1c437ab897b120e8a0
full,FULL_SEARCH_PHASE5_NOT_FINAL_DECISION,aig_resyn_family,aig_resyn_resub_zero,60777e0c5b48,true,false,strash; balance; rewrite -z; resub -z; refactor -z; dc2; balance,default,,tc_public_13,small,1058,13,0.421358,15.734375,1058,13,passed,ok,1058,13,selected_raw,false,,false,,0,0,0,0,0.120483,0.123039,0.062474,0.305996,15.836,0.726213,1.006455,0,0,results\pipeline_search2\full\aig_resyn_resub_zero\tc_public_13\selected.blif,results\pipeline_search2\full\aig_resyn_resub_zero\tc_public_13\raw.candidate.blif,results\pipeline_search2\full\aig_resyn_resub_zero\tc_public_13\logs,c037e0c038194e6b6afeba36d79cf198f51754d23098399430eea67d96b1b8a0
full,FULL_SEARCH_PHASE5_NOT_FINAL_DECISION,aig_resyn_family,aig_resyn_resub_zero,60777e0c5b48,true,false,strash; balance; rewrite -z; resub -z; refactor -z; dc2; balance,default,,tc_public_14,large,3703,25,0.586281,19.07421875,3661,25,passed,ok,3661,25,selected_raw,false,,false,,-42,0,-42,0,0.288593,0.158437,0.062642,0.509672,19.125,0.869330,1.002662,0,0,results\pipeline_search2\full\aig_resyn_resub_zero\tc_public_14\selected.blif,results\pipeline_search2\full\aig_resyn_resub_zero\tc_public_14\raw.candidate.blif,results\pipeline_search2\full\aig_resyn_resub_zero\tc_public_14\logs,fb75f8de50ba7d42a76a2c6b7e53935419c4cc43fa838cf0ed7a2906950f3f80
full,FULL_SEARCH_PHASE5_NOT_FINAL_DECISION,aig_resyn_family,aig_resyn_resub_zero,60777e0c5b48,true,false,strash; balance; rewrite -z; resub -z; refactor -z; dc2; balance,default,,tc_public_15,small,927,11,0.323562,10.890625,927,11,passed,ok,927,11,selected_raw,false,,false,,0,0,0,0,0.117293,0.098459,0.061712,0.277464,11.898,0.857529,1.092539,0,0,results\pipeline_search2\full\aig_resyn_resub_zero\tc_public_15\selected.blif,results\pipeline_search2\full\aig_resyn_resub_zero\tc_public_15\raw.candidate.blif,results\pipeline_search2\full\aig_resyn_resub_zero\tc_public_15\logs,aedab37c9f9b0dcc0f0950dcf621958f294723c296b9ae920bff03569b277076
full,FULL_SEARCH_PHASE5_NOT_FINAL_DECISION,aig_resyn_family,aig_resyn_resub_zero,60777e0c5b48,true,false,strash; balance; rewrite -z; resub -z; refactor -z; dc2; balance,default,,tc_public_16,tiny,45,6,0.251822,9.9296875,45,6,passed,ok,45,6,selected_raw,false,,false,,0,0,0,0,0.083369,0.060724,0.067872,0.211965,9.930,0.841727,1.000000,0,0,results\pipeline_search2\full\aig_resyn_resub_zero\tc_public_16\selected.blif,results\pipeline_search2\full\aig_resyn_resub_zero\tc_public_16\raw.candidate.blif,results\pipeline_search2\full\aig_resyn_resub_zero\tc_public_16\logs,4e744a9ad2f52d483fe886d1806abc8fb6ccad622460969fa259bc844f27a406
full,FULL_SEARCH_PHASE5_NOT_FINAL_DECISION,aig_resyn_family,aig_resyn_resub_zero,60777e0c5b48,true,false,strash; balance; rewrite -z; resub -z; refactor -z; dc2; balance,default,,tc_public_17,small,93,6,0.265710,9.96484375,93,6,passed,ok,93,6,selected_raw,false,,false,,0,0,0,0,0.086742,0.060125,0.045574,0.192441,9.934,0.724253,0.996864,0,0,results\pipeline_search2\full\aig_resyn_resub_zero\tc_public_17\selected.blif,results\pipeline_search2\full\aig_resyn_resub_zero\tc_public_17\raw.candidate.blif,results\pipeline_search2\full\aig_resyn_resub_zero\tc_public_17\logs,1ec7629c49c8902e4d9e33c165464d32991326f741ca2ae9c9c3aab2968b88d1
full,FULL_SEARCH_PHASE5_NOT_FINAL_DECISION,aig_resyn_family,aig_resyn_resub_zero,60777e0c5b48,true,false,strash; balance; rewrite -z; resub -z; refactor -z; dc2; balance,default,,tc_public_18,medium,498,12,0.469088,12.2578125,498,12,passed,ok,498,12,selected_raw,false,,false,,0,0,0,0,0.193819,0.138742,0.062147,0.394708,12.215,0.841438,0.996495,0,0,results\pipeline_search2\full\aig_resyn_resub_zero\tc_public_18\selected.blif,results\pipeline_search2\full\aig_resyn_resub_zero\tc_public_18\raw.candidate.blif,results\pipeline_search2\full\aig_resyn_resub_zero\tc_public_18\logs,2ae2231fe309e0c0dd4e41e93b07a2c4191083d74c8c04b733c59199bf06ee58
full,FULL_SEARCH_PHASE5_NOT_FINAL_DECISION,aig_resyn_family,aig_resyn_resub_zero,60777e0c5b48,true,false,strash; balance; rewrite -z; resub -z; refactor -z; dc2; balance,default,,tc_public_19,large,5304,18,1.905276,22.62890625,5304,18,passed,ok,5304,18,selected_raw,false,,false,,0,0,0,0,1.241395,0.462213,0.063496,1.767104,22.395,0.927479,0.989643,0,0,results\pipeline_search2\full\aig_resyn_resub_zero\tc_public_19\selected.blif,results\pipeline_search2\full\aig_resyn_resub_zero\tc_public_19\raw.candidate.blif,results\pipeline_search2\full\aig_resyn_resub_zero\tc_public_19\logs,934b2ea655098bb81e19bba94cd346f90bc9cd48f08c235cb868d389a43e5ebf
full,FULL_SEARCH_PHASE5_NOT_FINAL_DECISION,aig_resyn_family,aig_resyn_resub_zero,60777e0c5b48,true,false,strash; balance; rewrite -z; resub -z; refactor -z; dc2; balance,default,,tc_public_2,tiny,19,4,0.299974,10.2578125,19,4,passed,ok,19,4,selected_raw,false,,false,,0,0,0,0,0.086112,0.098279,0.062200,0.246591,10.238,0.822043,0.998096,0,0,results\pipeline_search2\full\aig_resyn_resub_zero\tc_public_2\selected.blif,results\pipeline_search2\full\aig_resyn_resub_zero\tc_public_2\raw.candidate.blif,results\pipeline_search2\full\aig_resyn_resub_zero\tc_public_2\logs,cda0f6a7e8b15aed68abc703c0b30fedab9e6461566c3365314d4a9e535d1982
full,FULL_SEARCH_PHASE5_NOT_FINAL_DECISION,aig_resyn_family,aig_resyn_resub_zero,60777e0c5b48,true,false,strash; balance; rewrite -z; resub -z; refactor -z; dc2; balance,default,,tc_public_20,large,5559,20,1.988655,23.0625,5559,20,passed,ok,5559,20,selected_raw,false,,false,,0,0,0,0,1.278914,0.489483,0.061144,1.829541,22.387,0.919989,0.970698,0,0,results\pipeline_search2\full\aig_resyn_resub_zero\tc_public_20\selected.blif,results\pipeline_search2\full\aig_resyn_resub_zero\tc_public_20\raw.candidate.blif,results\pipeline_search2\full\aig_resyn_resub_zero\tc_public_20\logs,a92be9e994070593a4074ce15ac8d48abdeb6b8da25e5ddf9513070309001949
full,FULL_SEARCH_PHASE5_NOT_FINAL_DECISION,aig_resyn_family,aig_resyn_resub_zero,60777e0c5b48,true,false,strash; balance; rewrite -z; resub -z; refactor -z; dc2; balance,default,,tc_public_21,large,5577,20,1.987602,23.2890625,5577,20,passed,ok,5577,20,selected_raw,false,,false,,0,0,0,0,1.290560,0.504595,0.064113,1.859268,23.035,0.935433,0.989098,0,0,results\pipeline_search2\full\aig_resyn_resub_zero\tc_public_21\selected.blif,results\pipeline_search2\full\aig_resyn_resub_zero\tc_public_21\raw.candidate.blif,results\pipeline_search2\full\aig_resyn_resub_zero\tc_public_21\logs,9032ecb2ff94372bdb80f00ee2a0934a59c4a0f47ea219c1b9021503cf91d88f
full,FULL_SEARCH_PHASE5_NOT_FINAL_DECISION,aig_resyn_family,aig_resyn_resub_zero,60777e0c5b48,true,false,strash; balance; rewrite -z; resub -z; refactor -z; dc2; balance,default,,tc_public_22,large,11067,20,3.665116,30.44140625,11067,20,passed,ok,11067,20,selected_raw,false,,false,,0,0,0,0,2.482400,0.916323,0.082451,3.481174,29.961,0.949813,0.984217,0,0,results\pipeline_search2\full\aig_resyn_resub_zero\tc_public_22\selected.blif,results\pipeline_search2\full\aig_resyn_resub_zero\tc_public_22\raw.candidate.blif,results\pipeline_search2\full\aig_resyn_resub_zero\tc_public_22\logs,f0493b02e292731e02de6542469c03d523ce125d8b54195aae869cf3a6d3fc6d
full,FULL_SEARCH_PHASE5_NOT_FINAL_DECISION,aig_resyn_family,aig_resyn_resub_zero,60777e0c5b48,true,false,strash; balance; rewrite -z; resub -z; refactor -z; dc2; balance,default,,tc_public_23,medium,1530,16,0.312543,12.61328125,1530,16,passed,ok,1530,16,selected_raw,false,,false,,0,0,0,0,0.118698,0.064570,0.062379,0.245647,12.137,0.785962,0.962217,0,0,results\pipeline_search2\full\aig_resyn_resub_zero\tc_public_23\selected.blif,results\pipeline_search2\full\aig_resyn_resub_zero\tc_public_23\raw.candidate.blif,results\pipeline_search2\full\aig_resyn_resub_zero\tc_public_23\logs,b5f70e8a8e1e4a1dc05b96089912a7807505f376d4d3180d9e11e27cfa9e87ca
full,FULL_SEARCH_PHASE5_NOT_FINAL_DECISION,aig_resyn_family,aig_resyn_resub_zero,60777e0c5b48,true,false,strash; balance; rewrite -z; resub -z; refactor -z; dc2; balance,default,,tc_public_24,small,215,8,0.272149,10.12890625,215,8,passed,ok,215,8,selected_raw,false,,false,,0,0,0,0,0.082179,0.062778,0.076778,0.221735,10.125,0.814755,0.999614,0,0,results\pipeline_search2\full\aig_resyn_resub_zero\tc_public_24\selected.blif,results\pipeline_search2\full\aig_resyn_resub_zero\tc_public_24\raw.candidate.blif,results\pipeline_search2\full\aig_resyn_resub_zero\tc_public_24\logs,acc345c94a478087fa7dcdc8f1caa0a59a25da4775dc8870b5ed54d254100eaf
full,FULL_SEARCH_PHASE5_NOT_FINAL_DECISION,aig_resyn_family,aig_resyn_resub_zero,60777e0c5b48,true,false,strash; balance; rewrite -z; resub -z; refactor -z; dc2; balance,default,,tc_public_25,small,26,4,0.268111,10.13671875,26,4,passed,ok,26,4,selected_raw,false,,false,,0,0,0,0,0.082149,0.060982,0.061960,0.205091,10.109,0.764948,0.997303,0,0,results\pipeline_search2\full\aig_resyn_resub_zero\tc_public_25\selected.blif,results\pipeline_search2\full\aig_resyn_resub_zero\tc_public_25\raw.candidate.blif,results\pipeline_search2\full\aig_resyn_resub_zero\tc_public_25\logs,618869820c0526e298b0d7fb5430e1d2eefa63a54b2ffcf9ea2dbb03231c1e20
full,FULL_SEARCH_PHASE5_NOT_FINAL_DECISION,aig_resyn_family,aig_resyn_resub_zero,60777e0c5b48,true,false,strash; balance; rewrite -z; resub -z; refactor -z; dc2; balance,default,,tc_public_26,medium,1048,10,0.337020,10.94140625,1048,10,passed,ok,1048,10,selected_raw,false,,false,,0,0,0,0,0.120921,0.087004,0.063061,0.270986,12.188,0.804064,1.113888,0,0,results\pipeline_search2\full\aig_resyn_resub_zero\tc_public_26\selected.blif,results\pipeline_search2\full\aig_resyn_resub_zero\tc_public_26\raw.candidate.blif,results\pipeline_search2\full\aig_resyn_resub_zero\tc_public_26\logs,5054a7d5a4b7b7f6c44b99841c5b72fa0fab99fed1dc07c819783c0427a75033
full,FULL_SEARCH_PHASE5_NOT_FINAL_DECISION,aig_resyn_family,aig_resyn_resub_zero,60777e0c5b48,true,false,strash; balance; rewrite -z; resub -z; refactor -z; dc2; balance,default,,tc_public_27,small,376,7,0.268204,10.40625,376,7,passed,ok,376,7,selected_raw,false,,false,,0,0,0,0,0.100957,0.063786,0.062292,0.227035,10.402,0.846502,0.999625,0,0,results\pipeline_search2\full\aig_resyn_resub_zero\tc_public_27\selected.blif,results\pipeline_search2\full\aig_resyn_resub_zero\tc_public_27\raw.candidate.blif,results\pipeline_search2\full\aig_resyn_resub_zero\tc_public_27\logs,2215f28ea6cf48e3e66d13305430e8eb5c372664fba3d3404ddc0a3e8020d21a
full,FULL_SEARCH_PHASE5_NOT_FINAL_DECISION,aig_resyn_family,aig_resyn_resub_zero,60777e0c5b48,true,false,strash; balance; rewrite -z; resub -z; refactor -z; dc2; balance,default,,tc_public_28,small,520,7,0.260640,10.2890625,520,7,passed,ok,520,7,selected_raw,false,,false,,0,0,0,0,0.100106,0.082637,0.061622,0.244365,10.262,0.937556,0.997342,0,0,results\pipeline_search2\full\aig_resyn_resub_zero\tc_public_28\selected.blif,results\pipeline_search2\full\aig_resyn_resub_zero\tc_public_28\raw.candidate.blif,results\pipeline_search2\full\aig_resyn_resub_zero\tc_public_28\logs,fd34ebf5e2b02a7b9b67616d1fa0420f4e445f1d0f2539b98b85c3107502e2dc
full,FULL_SEARCH_PHASE5_NOT_FINAL_DECISION,aig_resyn_family,aig_resyn_resub_zero,60777e0c5b48,true,false,strash; balance; rewrite -z; resub -z; refactor -z; dc2; balance,default,,tc_public_29,small,109,7,0.275448,10.00390625,109,7,passed,ok,109,7,selected_raw,false,,false,,0,0,0,0,0.105197,0.061964,0.062487,0.229648,9.977,0.833725,0.997267,0,0,results\pipeline_search2\full\aig_resyn_resub_zero\tc_public_29\selected.blif,results\pipeline_search2\full\aig_resyn_resub_zero\tc_public_29\raw.candidate.blif,results\pipeline_search2\full\aig_resyn_resub_zero\tc_public_29\logs,d2a12e39f9313e71776e3322ea3aaf34ff04898a72d15216d5c9fe60f0034f47
full,FULL_SEARCH_PHASE5_NOT_FINAL_DECISION,aig_resyn_family,aig_resyn_resub_zero,60777e0c5b48,true,false,strash; balance; rewrite -z; resub -z; refactor -z; dc2; balance,default,,tc_public_3,tiny,109,8,0.299433,10.33203125,137,9,passed,metric_regression,109,8,fallback_current_final,true,metric_regression: nodes_worse:28,true,nodes_worse:28,28,1,0,0,0.081157,0.082770,0.047153,0.211080,10.344,0.704933,1.001134,0,0,results\pipeline_search2\full\aig_resyn_resub_zero\tc_public_3\selected.blif,results\pipeline_search2\full\aig_resyn_resub_zero\tc_public_3\raw.candidate.blif,results\pipeline_search2\full\aig_resyn_resub_zero\tc_public_3\logs,ccd2e8f3459dfedeb68340f61ce3c2d795cee7f08543b6b4509e3c7c8851bc82
full,FULL_SEARCH_PHASE5_NOT_FINAL_DECISION,aig_resyn_family,aig_resyn_resub_zero,60777e0c5b48,true,false,strash; balance; rewrite -z; resub -z; refactor -z; dc2; balance,default,,tc_public_30,large,6613,21,2.162263,31.3046875,6330,21,passed,ok,6330,21,selected_raw,false,,false,,-283,0,-283,0,0.543696,1.363335,0.061542,1.968573,31.355,0.910423,1.001622,0,0,results\pipeline_search2\full\aig_resyn_resub_zero\tc_public_30\selected.blif,results\pipeline_search2\full\aig_resyn_resub_zero\tc_public_30\raw.candidate.blif,results\pipeline_search2\full\aig_resyn_resub_zero\tc_public_30\logs,24a9f4d73a5a060f2c0103df52a2b913575d35755aff092e087bee4c68798960
full,FULL_SEARCH_PHASE5_NOT_FINAL_DECISION,aig_resyn_family,aig_resyn_resub_zero,60777e0c5b48,true,false,strash; balance; rewrite -z; resub -z; refactor -z; dc2; balance,default,,tc_public_4,tiny,69,8,0.331617,10.35546875,105,10,passed,metric_regression,69,8,fallback_current_final,true,metric_regression: nodes_worse:36,true,nodes_worse:36,36,2,0,0,0.082862,0.082999,0.062807,0.228668,10.332,0.689555,0.997737,0,0,results\pipeline_search2\full\aig_resyn_resub_zero\tc_public_4\selected.blif,results\pipeline_search2\full\aig_resyn_resub_zero\tc_public_4\raw.candidate.blif,results\pipeline_search2\full\aig_resyn_resub_zero\tc_public_4\logs,4ffffa61d8052e5a20c85c8478fb58389eb804c4b41af7ca34f5993f1b0d44fe
full,FULL_SEARCH_PHASE5_NOT_FINAL_DECISION,aig_resyn_family,aig_resyn_resub_zero,60777e0c5b48,true,false,strash; balance; rewrite -z; resub -z; refactor -z; dc2; balance,default,,tc_public_5,small,65,2,0.301763,10.39453125,65,2,passed,ok,65,2,selected_raw,false,,false,,0,0,0,0,0.083882,0.063708,0.065723,0.213313,10.391,0.706890,0.999624,0,0,results\pipeline_search2\full\aig_resyn_resub_zero\tc_public_5\selected.blif,results\pipeline_search2\full\aig_resyn_resub_zero\tc_public_5\raw.candidate.blif,results\pipeline_search2\full\aig_resyn_resub_zero\tc_public_5\logs,d0f3a24b1f1e6490a6f4f46493dfd06f9e4ad0958f7f1223215c8a1adad95eb2
full,FULL_SEARCH_PHASE5_NOT_FINAL_DECISION,aig_resyn_family,aig_resyn_resub_zero,60777e0c5b48,true,false,strash; balance; rewrite -z; resub -z; refactor -z; dc2; balance,default,,tc_public_6,small,162,4,0.311217,10.6171875,162,4,passed,ok,162,4,selected_raw,false,,false,,0,0,0,0,0.086609,0.101971,0.063164,0.251744,10.621,0.808901,1.000368,0,0,results\pipeline_search2\full\aig_resyn_resub_zero\tc_public_6\selected.blif,results\pipeline_search2\full\aig_resyn_resub_zero\tc_public_6\raw.candidate.blif,results\pipeline_search2\full\aig_resyn_resub_zero\tc_public_6\logs,d506f177143d0e8be5e6e4bc1bd94204ccabc4d3b5cbd2bbe979929fc0a693c1
full,FULL_SEARCH_PHASE5_NOT_FINAL_DECISION,aig_resyn_family,aig_resyn_resub_zero,60777e0c5b48,true,false,strash; balance; rewrite -z; resub -z; refactor -z; dc2; balance,default,,tc_public_7,small,252,3,0.270967,10.65234375,252,3,passed,ok,252,3,selected_raw,false,,false,,0,0,0,0,0.086303,0.084553,0.065081,0.235937,10.633,0.870724,0.998166,0,0,results\pipeline_search2\full\aig_resyn_resub_zero\tc_public_7\selected.blif,results\pipeline_search2\full\aig_resyn_resub_zero\tc_public_7\raw.candidate.blif,results\pipeline_search2\full\aig_resyn_resub_zero\tc_public_7\logs,f53227b6a4159c09e6fd4a3ceb9031bcfc4f92d7176ab12509aa45dd552960d8
full,FULL_SEARCH_PHASE5_NOT_FINAL_DECISION,aig_resyn_family,aig_resyn_resub_zero,60777e0c5b48,true,false,strash; balance; rewrite -z; resub -z; refactor -z; dc2; balance,default,,tc_public_8,small,193,3,0.307302,10.578125,192,4,passed,ok,192,4,selected_raw,false,,false,,-1,1,-1,1,0.082272,0.108081,0.076523,0.266876,10.059,0.868449,0.950886,0,0,results\pipeline_search2\full\aig_resyn_resub_zero\tc_public_8\selected.blif,results\pipeline_search2\full\aig_resyn_resub_zero\tc_public_8\raw.candidate.blif,results\pipeline_search2\full\aig_resyn_resub_zero\tc_public_8\logs,df599cf37683cd06ce9c60f79bd4f78f84b3ce05c96127eac8b9363ba0956494
full,FULL_SEARCH_PHASE5_NOT_FINAL_DECISION,aig_resyn_family,aig_resyn_resub_zero,60777e0c5b48,true,false,strash; balance; rewrite -z; resub -z; refactor -z; dc2; balance,default,,tc_public_9,tiny,224,5,0.284901,10.55859375,224,5,passed,ok,224,5,selected_raw,false,,false,,0,0,0,0,0.084012,0.083257,0.063450,0.230719,10.555,0.809821,0.999630,0,0,results\pipeline_search2\full\aig_resyn_resub_zero\tc_public_9\selected.blif,results\pipeline_search2\full\aig_resyn_resub_zero\tc_public_9\raw.candidate.blif,results\pipeline_search2\full\aig_resyn_resub_zero\tc_public_9\logs,519f44b25e3e7e3795af2feb9190bab31aa74aec4888895974a3ff101807488c
full,FULL_SEARCH_PHASE5_NOT_FINAL_DECISION,choice_perturb_family,choice_fraig_clean,555efd23e8a5,false,true,strash; fraig; balance; rewrite -z; refactor -z; dc2; balance,default,,tc_public_1,tiny,103,10,0.299524,10.1328125,120,8,passed,ok,120,8,selected_raw,false,,false,,17,-2,17,-2,0.083656,0.083379,0.061797,0.228832,10.340,0.763985,1.020432,0,0,results\pipeline_search2\full\choice_fraig_clean\tc_public_1\selected.blif,results\pipeline_search2\full\choice_fraig_clean\tc_public_1\raw.candidate.blif,results\pipeline_search2\full\choice_fraig_clean\tc_public_1\logs,f1d51c79abce11a3f89ae6616859269141f04f67129220d12b7295cc45a2c092
full,FULL_SEARCH_PHASE5_NOT_FINAL_DECISION,choice_perturb_family,choice_fraig_clean,555efd23e8a5,false,true,strash; fraig; balance; rewrite -z; refactor -z; dc2; balance,default,,tc_public_10,small,161,4,0.257631,10.39453125,161,4,passed,ok,161,4,selected_raw,false,,false,,0,0,0,0,0.082784,0.061333,0.061061,0.205178,10.477,0.796403,1.007892,0,0,results\pipeline_search2\full\choice_fraig_clean\tc_public_10\selected.blif,results\pipeline_search2\full\choice_fraig_clean\tc_public_10\raw.candidate.blif,results\pipeline_search2\full\choice_fraig_clean\tc_public_10\logs,bdb74d21e834b596fb1acedca6422d8d41d1fafca957533ba1792743b0cc275f
full,FULL_SEARCH_PHASE5_NOT_FINAL_DECISION,choice_perturb_family,choice_fraig_clean,555efd23e8a5,false,true,strash; fraig; balance; rewrite -z; refactor -z; dc2; balance,default,,tc_public_11,medium,328,7,0.286706,10.80859375,328,7,passed,ok,328,7,selected_raw,false,,false,,0,0,0,0,0.098971,0.098746,0.061166,0.258883,10.734,0.902957,0.993133,0,0,results\pipeline_search2\full\choice_fraig_clean\tc_public_11\selected.blif,results\pipeline_search2\full\choice_fraig_clean\tc_public_11\raw.candidate.blif,results\pipeline_search2\full\choice_fraig_clean\tc_public_11\logs,8c71d2c97a4b741aff88b49c19f6ec94210e4296b0ecfd92b8ecb40b7fafff03
full,FULL_SEARCH_PHASE5_NOT_FINAL_DECISION,choice_perturb_family,choice_fraig_clean,555efd23e8a5,false,true,strash; fraig; balance; rewrite -z; refactor -z; dc2; balance,default,,tc_public_12,medium,1385,13,0.346738,13.5625,1387,14,passed,ok,1387,14,selected_raw,false,,false,,2,1,2,1,0.118867,0.082354,0.060728,0.261949,12.191,0.755468,0.898906,0,0,results\pipeline_search2\full\choice_fraig_clean\tc_public_12\selected.blif,results\pipeline_search2\full\choice_fraig_clean\tc_public_12\raw.candidate.blif,results\pipeline_search2\full\choice_fraig_clean\tc_public_12\logs,395a34321fa5ebf441a2c9e72ede7699bbd467bc55906519e12c3d4a2561c13e
full,FULL_SEARCH_PHASE5_NOT_FINAL_DECISION,choice_perturb_family,choice_fraig_clean,555efd23e8a5,false,true,strash; fraig; balance; rewrite -z; refactor -z; dc2; balance,default,,tc_public_13,small,1058,13,0.421358,15.734375,1043,13,passed,ok,1043,13,selected_raw,false,,false,,-15,0,-15,0,0.122656,0.121560,0.064453,0.308669,15.508,0.732557,0.985601,0,0,results\pipeline_search2\full\choice_fraig_clean\tc_public_13\selected.blif,results\pipeline_search2\full\choice_fraig_clean\tc_public_13\raw.candidate.blif,results\pipeline_search2\full\choice_fraig_clean\tc_public_13\logs,d4d6ef8cfe6e7c43cb462edb6cba15de588a1ded7df702b9abd85d0e2950da25
full,FULL_SEARCH_PHASE5_NOT_FINAL_DECISION,choice_perturb_family,choice_fraig_clean,555efd23e8a5,false,true,strash; fraig; balance; rewrite -z; refactor -z; dc2; balance,default,,tc_public_14,large,3703,25,0.586281,19.07421875,2204,17,passed,ok,2204,17,selected_raw,false,,false,,-1499,-8,-1499,-8,0.354720,0.139458,0.064003,0.558181,20.969,0.952070,1.099324,0,0,results\pipeline_search2\full\choice_fraig_clean\tc_public_14\selected.blif,results\pipeline_search2\full\choice_fraig_clean\tc_public_14\raw.candidate.blif,results\pipeline_search2\full\choice_fraig_clean\tc_public_14\logs,3a97c9931e32b51df7df2dedfa3a00a4efa5c1a37f50267be6f0b76405549ce5
full,FULL_SEARCH_PHASE5_NOT_FINAL_DECISION,choice_perturb_family,choice_fraig_clean,555efd23e8a5,false,true,strash; fraig; balance; rewrite -z; refactor -z; dc2; balance,default,,tc_public_15,small,927,11,0.323562,10.890625,927,11,passed,ok,927,11,selected_raw,false,,false,,0,0,0,0,0.101919,0.100143,0.062544,0.264606,11.520,0.817790,1.057747,0,0,results\pipeline_search2\full\choice_fraig_clean\tc_public_15\selected.blif,results\pipeline_search2\full\choice_fraig_clean\tc_public_15\raw.candidate.blif,results\pipeline_search2\full\choice_fraig_clean\tc_public_15\logs,8c9012b5245a326284bc71ce6eb5f95dff1521ceec6d418320a5d20156ad23d8
full,FULL_SEARCH_PHASE5_NOT_FINAL_DECISION,choice_perturb_family,choice_fraig_clean,555efd23e8a5,false,true,strash; fraig; balance; rewrite -z; refactor -z; dc2; balance,default,,tc_public_16,tiny,45,6,0.251822,9.9296875,45,6,passed,ok,45,6,selected_raw,false,,false,,0,0,0,0,0.081846,0.062001,0.046409,0.190256,10.016,0.755519,1.008655,0,0,results\pipeline_search2\full\choice_fraig_clean\tc_public_16\selected.blif,results\pipeline_search2\full\choice_fraig_clean\tc_public_16\raw.candidate.blif,results\pipeline_search2\full\choice_fraig_clean\tc_public_16\logs,294c9fc34f7c41134d160a2696c59aed70c3e778b7085e2822a6a3887d270993
full,FULL_SEARCH_PHASE5_NOT_FINAL_DECISION,choice_perturb_family,choice_fraig_clean,555efd23e8a5,false,true,strash; fraig; balance; rewrite -z; refactor -z; dc2; balance,default,,tc_public_17,small,93,6,0.265710,9.96484375,93,6,passed,ok,93,6,selected_raw,false,,false,,0,0,0,0,0.080866,0.062110,0.061520,0.204496,10.039,0.769622,1.007448,0,0,results\pipeline_search2\full\choice_fraig_clean\tc_public_17\selected.blif,results\pipeline_search2\full\choice_fraig_clean\tc_public_17\raw.candidate.blif,results\pipeline_search2\full\choice_fraig_clean\tc_public_17\logs,bb547cef5641de2eeae45d1b6399898f608a14b1228177b800be1dfc7902ebec
full,FULL_SEARCH_PHASE5_NOT_FINAL_DECISION,choice_perturb_family,choice_fraig_clean,555efd23e8a5,false,true,strash; fraig; balance; rewrite -z; refactor -z; dc2; balance,default,,tc_public_18,medium,498,12,0.469088,12.2578125,498,12,passed,ok,498,12,selected_raw,false,,false,,0,0,0,0,0.181469,0.166348,0.062997,0.410814,14.852,0.875773,1.211600,0,0,results\pipeline_search2\full\choice_fraig_clean\tc_public_18\selected.blif,results\pipeline_search2\full\choice_fraig_clean\tc_public_18\raw.candidate.blif,results\pipeline_search2\full\choice_fraig_clean\tc_public_18\logs,7d0755511cbfbb80448a1634b755d2415a14b38aef9f64a5fad06e0b48359b99
full,FULL_SEARCH_PHASE5_NOT_FINAL_DECISION,choice_perturb_family,choice_fraig_clean,555efd23e8a5,false,true,strash; fraig; balance; rewrite -z; refactor -z; dc2; balance,default,,tc_public_19,large,5304,18,1.905276,22.62890625,5304,18,passed,ok,5304,18,selected_raw,false,,false,,0,0,0,0,1.233057,0.455597,0.061843,1.750497,22.500,0.918763,0.994303,0,0,results\pipeline_search2\full\choice_fraig_clean\tc_public_19\selected.blif,results\pipeline_search2\full\choice_fraig_clean\tc_public_19\raw.candidate.blif,results\pipeline_search2\full\choice_fraig_clean\tc_public_19\logs,3e0f03d696fc3b40b0db2f40c3c95ff20838b47fdecd35afc548df586abf37d2
full,FULL_SEARCH_PHASE5_NOT_FINAL_DECISION,choice_perturb_family,choice_fraig_clean,555efd23e8a5,false,true,strash; fraig; balance; rewrite -z; refactor -z; dc2; balance,default,,tc_public_2,tiny,19,4,0.299974,10.2578125,19,4,passed,ok,19,4,selected_raw,false,,false,,0,0,0,0,0.082423,0.098172,0.063019,0.243614,10.250,0.812118,0.999238,0,0,results\pipeline_search2\full\choice_fraig_clean\tc_public_2\selected.blif,results\pipeline_search2\full\choice_fraig_clean\tc_public_2\raw.candidate.blif,results\pipeline_search2\full\choice_fraig_clean\tc_public_2\logs,906d99759f422e3b94bd152976303f15c6c9b672fc208fd271a6f58f6be159ed
full,FULL_SEARCH_PHASE5_NOT_FINAL_DECISION,choice_perturb_family,choice_fraig_clean,555efd23e8a5,false,true,strash; fraig; balance; rewrite -z; refactor -z; dc2; balance,default,,tc_public_20,large,5559,20,1.988655,23.0625,5559,20,passed,ok,5559,20,selected_raw,false,,false,,0,0,0,0,1.322009,0.522839,0.060753,1.905601,22.789,0.958236,0.988144,0,0,results\pipeline_search2\full\choice_fraig_clean\tc_public_20\selected.blif,results\pipeline_search2\full\choice_fraig_clean\tc_public_20\raw.candidate.blif,results\pipeline_search2\full\choice_fraig_clean\tc_public_20\logs,2ccbfa0f6f0281e60e3269a5226ab5e1d5b257eb34767405ac19561b41513dfc
full,FULL_SEARCH_PHASE5_NOT_FINAL_DECISION,choice_perturb_family,choice_fraig_clean,555efd23e8a5,false,true,strash; fraig; balance; rewrite -z; refactor -z; dc2; balance,default,,tc_public_21,large,5577,20,1.987602,23.2890625,5577,20,passed,ok,5577,20,selected_raw,false,,false,,0,0,0,0,1.310463,0.475964,0.062523,1.848950,23.086,0.930242,0.991278,0,0,results\pipeline_search2\full\choice_fraig_clean\tc_public_21\selected.blif,results\pipeline_search2\full\choice_fraig_clean\tc_public_21\raw.candidate.blif,results\pipeline_search2\full\choice_fraig_clean\tc_public_21\logs,f8fde21e41dae71261e20140b05541671ef83c836aa3c02fe6431540b28f2780
full,FULL_SEARCH_PHASE5_NOT_FINAL_DECISION,choice_perturb_family,choice_fraig_clean,555efd23e8a5,false,true,strash; fraig; balance; rewrite -z; refactor -z; dc2; balance,default,,tc_public_22,large,11067,20,3.665116,30.44140625,11067,20,passed,ok,11067,20,selected_raw,false,,false,,0,0,0,0,2.515883,0.957166,0.082720,3.555769,30.105,0.970165,0.988964,0,0,results\pipeline_search2\full\choice_fraig_clean\tc_public_22\selected.blif,results\pipeline_search2\full\choice_fraig_clean\tc_public_22\raw.candidate.blif,results\pipeline_search2\full\choice_fraig_clean\tc_public_22\logs,1a7edc79b3a4506d2d1cb2b400e2996a1e268a3eea94de400a3499c9f233a465
full,FULL_SEARCH_PHASE5_NOT_FINAL_DECISION,choice_perturb_family,choice_fraig_clean,555efd23e8a5,false,true,strash; fraig; balance; rewrite -z; refactor -z; dc2; balance,default,,tc_public_23,medium,1530,16,0.312543,12.61328125,1530,16,passed,ok,1530,16,selected_raw,false,,false,,0,0,0,0,0.121022,0.084213,0.060640,0.265875,12.758,0.850683,1.011459,0,0,results\pipeline_search2\full\choice_fraig_clean\tc_public_23\selected.blif,results\pipeline_search2\full\choice_fraig_clean\tc_public_23\raw.candidate.blif,results\pipeline_search2\full\choice_fraig_clean\tc_public_23\logs,8cf3189c1e813d5a767c4c0bc1f7da1cc8b1d4dd9e0dc4fd76ba357e3be48bd7
full,FULL_SEARCH_PHASE5_NOT_FINAL_DECISION,choice_perturb_family,choice_fraig_clean,555efd23e8a5,false,true,strash; fraig; balance; rewrite -z; refactor -z; dc2; balance,default,,tc_public_24,small,215,8,0.272149,10.12890625,215,8,passed,ok,215,8,selected_raw,false,,false,,0,0,0,0,0.079661,0.063376,0.060978,0.204015,10.266,0.749644,1.013498,0,0,results\pipeline_search2\full\choice_fraig_clean\tc_public_24\selected.blif,results\pipeline_search2\full\choice_fraig_clean\tc_public_24\raw.candidate.blif,results\pipeline_search2\full\choice_fraig_clean\tc_public_24\logs,7a531eaba7f5a5c855ecb1d7f0d09e6ab9155638700ab88dbf6a77b3ac05a391
full,FULL_SEARCH_PHASE5_NOT_FINAL_DECISION,choice_perturb_family,choice_fraig_clean,555efd23e8a5,false,true,strash; fraig; balance; rewrite -z; refactor -z; dc2; balance,default,,tc_public_25,small,26,4,0.268111,10.13671875,26,4,passed,ok,26,4,selected_raw,false,,false,,0,0,0,0,0.081499,0.062523,0.045036,0.189058,10.211,0.705149,1.007322,0,0,results\pipeline_search2\full\choice_fraig_clean\tc_public_25\selected.blif,results\pipeline_search2\full\choice_fraig_clean\tc_public_25\raw.candidate.blif,results\pipeline_search2\full\choice_fraig_clean\tc_public_25\logs,e1d5667e69620aad0fec48ea07ddc497df831722643e9a45fa1ebce18c105959
full,FULL_SEARCH_PHASE5_NOT_FINAL_DECISION,choice_perturb_family,choice_fraig_clean,555efd23e8a5,false,true,strash; fraig; balance; rewrite -z; refactor -z; dc2; balance,default,,tc_public_26,medium,1048,10,0.337020,10.94140625,1048,10,passed,ok,1048,10,selected_raw,false,,false,,0,0,0,0,0.118144,0.082525,0.060715,0.261384,12.008,0.775573,1.097465,0,0,results\pipeline_search2\full\choice_fraig_clean\tc_public_26\selected.blif,results\pipeline_search2\full\choice_fraig_clean\tc_public_26\raw.candidate.blif,results\pipeline_search2\full\choice_fraig_clean\tc_public_26\logs,513e889833c22f083cd17536b4ce2f8d128a810c456162473c2cc8ceeca12bf5
full,FULL_SEARCH_PHASE5_NOT_FINAL_DECISION,choice_perturb_family,choice_fraig_clean,555efd23e8a5,false,true,strash; fraig; balance; rewrite -z; refactor -z; dc2; balance,default,,tc_public_27,small,376,7,0.268204,10.40625,380,8,passed,ok,380,8,selected_raw,false,,false,,4,1,4,1,0.097438,0.061967,0.063555,0.222960,9.941,0.831309,0.955330,0,0,results\pipeline_search2\full\choice_fraig_clean\tc_public_27\selected.blif,results\pipeline_search2\full\choice_fraig_clean\tc_public_27\raw.candidate.blif,results\pipeline_search2\full\choice_fraig_clean\tc_public_27\logs,72f63b399cc00b05a63300d6e07549943ad47052dcb1656bd958876840afeabe
full,FULL_SEARCH_PHASE5_NOT_FINAL_DECISION,choice_perturb_family,choice_fraig_clean,555efd23e8a5,false,true,strash; fraig; balance; rewrite -z; refactor -z; dc2; balance,default,,tc_public_28,small,520,7,0.260640,10.2890625,524,8,passed,ok,524,8,selected_raw,false,,false,,4,1,4,1,0.117643,0.062051,0.061684,0.241378,11.246,0.926096,1.093014,0,0,results\pipeline_search2\full\choice_fraig_clean\tc_public_28\selected.blif,results\pipeline_search2\full\choice_fraig_clean\tc_public_28\raw.candidate.blif,results\pipeline_search2\full\choice_fraig_clean\tc_public_28\logs,430fcc82ca738dadc4996747719fba77f85cf8cc49481c0403c84ec2dcdae7eb
full,FULL_SEARCH_PHASE5_NOT_FINAL_DECISION,choice_perturb_family,choice_fraig_clean,555efd23e8a5,false,true,strash; fraig; balance; rewrite -z; refactor -z; dc2; balance,default,,tc_public_29,small,109,7,0.275448,10.00390625,109,7,passed,ok,109,7,selected_raw,false,,false,,0,0,0,0,0.081226,0.064715,0.063431,0.209372,10.141,0.760114,1.013667,0,0,results\pipeline_search2\full\choice_fraig_clean\tc_public_29\selected.blif,results\pipeline_search2\full\choice_fraig_clean\tc_public_29\raw.candidate.blif,results\pipeline_search2\full\choice_fraig_clean\tc_public_29\logs,bcfe4fc6dd350afb81939bebac2da9d297f39dad1ae534fc385ba3d00ca20f2b
full,FULL_SEARCH_PHASE5_NOT_FINAL_DECISION,choice_perturb_family,choice_fraig_clean,555efd23e8a5,false,true,strash; fraig; balance; rewrite -z; refactor -z; dc2; balance,default,,tc_public_3,tiny,109,8,0.299433,10.33203125,136,8,passed,metric_regression,109,8,fallback_current_final,true,metric_regression: nodes_worse:27,true,nodes_worse:27,27,0,0,0,0.084273,0.083475,0.047803,0.215551,10.336,0.719864,1.000378,0,0,results\pipeline_search2\full\choice_fraig_clean\tc_public_3\selected.blif,results\pipeline_search2\full\choice_fraig_clean\tc_public_3\raw.candidate.blif,results\pipeline_search2\full\choice_fraig_clean\tc_public_3\logs,8767f7a525b4083a2aa101d83e65498c0091ace1f6183190a7005451313732e9
full,FULL_SEARCH_PHASE5_NOT_FINAL_DECISION,choice_perturb_family,choice_fraig_clean,555efd23e8a5,false,true,strash; fraig; balance; rewrite -z; refactor -z; dc2; balance,default,,tc_public_30,large,6613,21,2.162263,31.3046875,6613,21,passed,ok,6613,21,selected_raw,false,,false,,0,0,0,0,0.508131,1.462513,0.060362,2.031006,33.090,0.939297,1.057025,0,0,results\pipeline_search2\full\choice_fraig_clean\tc_public_30\selected.blif,results\pipeline_search2\full\choice_fraig_clean\tc_public_30\raw.candidate.blif,results\pipeline_search2\full\choice_fraig_clean\tc_public_30\logs,fc42c32e11ebcb149ba8e4665d73fa010813fd985068cc8529264d9a4fe9b39f
full,FULL_SEARCH_PHASE5_NOT_FINAL_DECISION,choice_perturb_family,choice_fraig_clean,555efd23e8a5,false,true,strash; fraig; balance; rewrite -z; refactor -z; dc2; balance,default,,tc_public_4,tiny,69,8,0.331617,10.35546875,108,9,passed,metric_regression,69,8,fallback_current_final,true,metric_regression: nodes_worse:39,true,nodes_worse:39,39,1,0,0,0.082994,0.085037,0.077851,0.245882,10.352,0.741464,0.999623,0,0,results\pipeline_search2\full\choice_fraig_clean\tc_public_4\selected.blif,results\pipeline_search2\full\choice_fraig_clean\tc_public_4\raw.candidate.blif,results\pipeline_search2\full\choice_fraig_clean\tc_public_4\logs,6e2ce0a8b5b86b7f8cc351711f98f41ab6089e25fc3a440de66c99094e494737
full,FULL_SEARCH_PHASE5_NOT_FINAL_DECISION,choice_perturb_family,choice_fraig_clean,555efd23e8a5,false,true,strash; fraig; balance; rewrite -z; refactor -z; dc2; balance,default,,tc_public_5,small,65,2,0.301763,10.39453125,65,2,passed,ok,65,2,selected_raw,false,,false,,0,0,0,0,0.081345,0.062227,0.044664,0.188236,10.516,0.623788,1.011650,0,0,results\pipeline_search2\full\choice_fraig_clean\tc_public_5\selected.blif,results\pipeline_search2\full\choice_fraig_clean\tc_public_5\raw.candidate.blif,results\pipeline_search2\full\choice_fraig_clean\tc_public_5\logs,147eadc7a672b8dd139573e5e8e91fc6e234f1cf8bcbc18fdb59118a219347dc
full,FULL_SEARCH_PHASE5_NOT_FINAL_DECISION,choice_perturb_family,choice_fraig_clean,555efd23e8a5,false,true,strash; fraig; balance; rewrite -z; refactor -z; dc2; balance,default,,tc_public_6,small,162,4,0.311217,10.6171875,162,4,passed,ok,162,4,selected_raw,false,,false,,0,0,0,0,0.083004,0.082947,0.061142,0.227093,10.602,0.729692,0.998528,0,0,results\pipeline_search2\full\choice_fraig_clean\tc_public_6\selected.blif,results\pipeline_search2\full\choice_fraig_clean\tc_public_6\raw.candidate.blif,results\pipeline_search2\full\choice_fraig_clean\tc_public_6\logs,ab1de50441762411ee5f9b32f4170a04098c80b6934e57d498d08ccae6c38087
full,FULL_SEARCH_PHASE5_NOT_FINAL_DECISION,choice_perturb_family,choice_fraig_clean,555efd23e8a5,false,true,strash; fraig; balance; rewrite -z; refactor -z; dc2; balance,default,,tc_public_7,small,252,3,0.270967,10.65234375,252,3,passed,ok,252,3,selected_raw,false,,false,,0,0,0,0,0.081215,0.081649,0.045833,0.208697,10.664,0.770195,1.001100,0,0,results\pipeline_search2\full\choice_fraig_clean\tc_public_7\selected.blif,results\pipeline_search2\full\choice_fraig_clean\tc_public_7\raw.candidate.blif,results\pipeline_search2\full\choice_fraig_clean\tc_public_7\logs,52e11a2f94dc2c70a31751ccb370b060c77e9adaaceab1a6394e3891c4925e34
full,FULL_SEARCH_PHASE5_NOT_FINAL_DECISION,choice_perturb_family,choice_fraig_clean,555efd23e8a5,false,true,strash; fraig; balance; rewrite -z; refactor -z; dc2; balance,default,,tc_public_8,small,193,3,0.307302,10.578125,192,4,passed,ok,192,4,selected_raw,false,,false,,-1,1,-1,1,0.081091,0.103585,0.045723,0.230399,10.062,0.749748,0.951256,0,0,results\pipeline_search2\full\choice_fraig_clean\tc_public_8\selected.blif,results\pipeline_search2\full\choice_fraig_clean\tc_public_8\raw.candidate.blif,results\pipeline_search2\full\choice_fraig_clean\tc_public_8\logs,0653a535c6174ed4505270981f4301ebb656418cdf4abdb14a5d9cf4da08a5c3
full,FULL_SEARCH_PHASE5_NOT_FINAL_DECISION,choice_perturb_family,choice_fraig_clean,555efd23e8a5,false,true,strash; fraig; balance; rewrite -z; refactor -z; dc2; balance,default,,tc_public_9,tiny,224,5,0.284901,10.55859375,224,5,passed,ok,224,5,selected_raw,false,,false,,0,0,0,0,0.081176,0.099520,0.044499,0.225195,10.551,0.790432,0.999260,0,0,results\pipeline_search2\full\choice_fraig_clean\tc_public_9\selected.blif,results\pipeline_search2\full\choice_fraig_clean\tc_public_9\raw.candidate.blif,results\pipeline_search2\full\choice_fraig_clean\tc_public_9\logs,076fd51c20aa5aa21578b303c1871628985841c451968d1c3203070e1a5638d8
full,FULL_SEARCH_PHASE5_NOT_FINAL_DECISION,choice_perturb_family,choice_fraig_ifraig_recover,a44a39d04dcc,false,true,strash; fraig; ifraig; dc2; balance; rewrite -z; refactor -z; balance,default,,tc_public_1,tiny,103,10,0.299524,10.1328125,124,9,passed,ok,124,9,selected_raw,false,,false,,21,-1,21,-1,0.114303,0.082104,0.043777,0.240184,10.332,0.801885,1.019661,0,0,results\pipeline_search2\full\choice_fraig_ifraig_recover\tc_public_1\selected.blif,results\pipeline_search2\full\choice_fraig_ifraig_recover\tc_public_1\raw.candidate.blif,results\pipeline_search2\full\choice_fraig_ifraig_recover\tc_public_1\logs,6143c506e23db47f7b9a224458661539d40ca245bee6994c4ba7baadf6aa4b95
full,FULL_SEARCH_PHASE5_NOT_FINAL_DECISION,choice_perturb_family,choice_fraig_ifraig_recover,a44a39d04dcc,false,true,strash; fraig; ifraig; dc2; balance; rewrite -z; refactor -z; balance,default,,tc_public_10,small,161,4,0.257631,10.39453125,161,4,passed,ok,161,4,selected_raw,false,,false,,0,0,0,0,0.096411,0.063519,0.045543,0.205473,8.695,0.797548,0.836528,0,0,results\pipeline_search2\full\choice_fraig_ifraig_recover\tc_public_10\selected.blif,results\pipeline_search2\full\choice_fraig_ifraig_recover\tc_public_10\raw.candidate.blif,results\pipeline_search2\full\choice_fraig_ifraig_recover\tc_public_10\logs,12a278bcd9b5e3bf6a5223eb2eb92c29f9f79f88078d1bfe74c0a4db0636120e
full,FULL_SEARCH_PHASE5_NOT_FINAL_DECISION,choice_perturb_family,choice_fraig_ifraig_recover,a44a39d04dcc,false,true,strash; fraig; ifraig; dc2; balance; rewrite -z; refactor -z; balance,default,,tc_public_11,medium,328,7,0.286706,10.80859375,328,7,passed,ok,328,7,selected_raw,false,,false,,0,0,0,0,0.097539,0.081009,0.062790,0.241338,10.367,0.841762,0.959162,0,0,results\pipeline_search2\full\choice_fraig_ifraig_recover\tc_public_11\selected.blif,results\pipeline_search2\full\choice_fraig_ifraig_recover\tc_public_11\raw.candidate.blif,results\pipeline_search2\full\choice_fraig_ifraig_recover\tc_public_11\logs,731cc4986068de6b205defcaf3a4392fd62d42ad3c995a61496edae8dc1977c1
full,FULL_SEARCH_PHASE5_NOT_FINAL_DECISION,choice_perturb_family,choice_fraig_ifraig_recover,a44a39d04dcc,false,true,strash; fraig; ifraig; dc2; balance; rewrite -z; refactor -z; balance,default,,tc_public_12,medium,1385,13,0.346738,13.5625,1370,14,passed,ok,1370,14,selected_raw,false,,false,,-15,1,-15,1,0.120025,0.081414,0.061858,0.263297,11.895,0.759355,0.877016,0,0,results\pipeline_search2\full\choice_fraig_ifraig_recover\tc_public_12\selected.blif,results\pipeline_search2\full\choice_fraig_ifraig_recover\tc_public_12\raw.candidate.blif,results\pipeline_search2\full\choice_fraig_ifraig_recover\tc_public_12\logs,bfe0e147404adc832553d27748dceaeb59eec34d555ac6a15d9d685d78a0d679
full,FULL_SEARCH_PHASE5_NOT_FINAL_DECISION,choice_perturb_family,choice_fraig_ifraig_recover,a44a39d04dcc,false,true,strash; fraig; ifraig; dc2; balance; rewrite -z; refactor -z; balance,default,,tc_public_13,small,1058,13,0.421358,15.734375,1058,13,passed,ok,1058,13,selected_raw,false,,false,,0,0,0,0,0.121131,0.195541,0.063569,0.380241,16.465,0.902417,1.046425,0,0,results\pipeline_search2\full\choice_fraig_ifraig_recover\tc_public_13\selected.blif,results\pipeline_search2\full\choice_fraig_ifraig_recover\tc_public_13\raw.candidate.blif,results\pipeline_search2\full\choice_fraig_ifraig_recover\tc_public_13\logs,b251f35e46ac910bd4afb23f6563ec8fc49fc94c05299eb073975fb704b5dcc1
full,FULL_SEARCH_PHASE5_NOT_FINAL_DECISION,choice_perturb_family,choice_fraig_ifraig_recover,a44a39d04dcc,false,true,strash; fraig; ifraig; dc2; balance; rewrite -z; refactor -z; balance,default,,tc_public_14,large,3703,25,0.586281,19.07421875,2271,17,passed,ok,2271,17,selected_raw,false,,false,,-1432,-8,-1432,-8,0.387874,0.141043,0.062929,0.591846,21.199,1.009492,1.111407,0,0,results\pipeline_search2\full\choice_fraig_ifraig_recover\tc_public_14\selected.blif,results\pipeline_search2\full\choice_fraig_ifraig_recover\tc_public_14\raw.candidate.blif,results\pipeline_search2\full\choice_fraig_ifraig_recover\tc_public_14\logs,dbf4ce15f26927f02c76622c016460c969c6ac97e30f2ccc70ee630f6d09530a
full,FULL_SEARCH_PHASE5_NOT_FINAL_DECISION,choice_perturb_family,choice_fraig_ifraig_recover,a44a39d04dcc,false,true,strash; fraig; ifraig; dc2; balance; rewrite -z; refactor -z; balance,default,,tc_public_15,small,927,11,0.323562,10.890625,926,11,passed,ok,926,11,selected_raw,false,,false,,-1,0,-1,0,0.103292,0.082442,0.061403,0.247137,11.074,0.763801,1.016858,0,0,results\pipeline_search2\full\choice_fraig_ifraig_recover\tc_public_15\selected.blif,results\pipeline_search2\full\choice_fraig_ifraig_recover\tc_public_15\raw.candidate.blif,results\pipeline_search2\full\choice_fraig_ifraig_recover\tc_public_15\logs,86e276426455e99dc74ddb508c10935d7528f4c91a6201ad9aef0e4c3a239390
full,FULL_SEARCH_PHASE5_NOT_FINAL_DECISION,choice_perturb_family,choice_fraig_ifraig_recover,a44a39d04dcc,false,true,strash; fraig; ifraig; dc2; balance; rewrite -z; refactor -z; balance,default,,tc_public_16,tiny,45,6,0.251822,9.9296875,45,6,passed,ok,45,6,selected_raw,false,,false,,0,0,0,0,0.081111,0.064383,0.062593,0.208087,10.215,0.826327,1.028718,0,0,results\pipeline_search2\full\choice_fraig_ifraig_recover\tc_public_16\selected.blif,results\pipeline_search2\full\choice_fraig_ifraig_recover\tc_public_16\raw.candidate.blif,results\pipeline_search2\full\choice_fraig_ifraig_recover\tc_public_16\logs,6e9ab62226fde6797fc2b7084ffd9ae176309254800c5e604b29c9377ffed681
full,FULL_SEARCH_PHASE5_NOT_FINAL_DECISION,choice_perturb_family,choice_fraig_ifraig_recover,a44a39d04dcc,false,true,strash; fraig; ifraig; dc2; balance; rewrite -z; refactor -z; balance,default,,tc_public_17,small,93,6,0.265710,9.96484375,93,6,passed,ok,93,6,selected_raw,false,,false,,0,0,0,0,0.087506,0.077757,0.060895,0.226158,10.555,0.851147,1.059192,0,0,results\pipeline_search2\full\choice_fraig_ifraig_recover\tc_public_17\selected.blif,results\pipeline_search2\full\choice_fraig_ifraig_recover\tc_public_17\raw.candidate.blif,results\pipeline_search2\full\choice_fraig_ifraig_recover\tc_public_17\logs,d3c1db12cfd0875fe0f416aa6da49d827474009f0aef03f44cd9323af95585b6
full,FULL_SEARCH_PHASE5_NOT_FINAL_DECISION,choice_perturb_family,choice_fraig_ifraig_recover,a44a39d04dcc,false,true,strash; fraig; ifraig; dc2; balance; rewrite -z; refactor -z; balance,default,,tc_public_18,medium,498,12,0.469088,12.2578125,492,12,passed,ok,492,12,selected_raw,false,,false,,-6,0,-6,0,0.175164,0.081213,0.064425,0.320802,11.227,0.683885,0.915870,0,0,results\pipeline_search2\full\choice_fraig_ifraig_recover\tc_public_18\selected.blif,results\pipeline_search2\full\choice_fraig_ifraig_recover\tc_public_18\raw.candidate.blif,results\pipeline_search2\full\choice_fraig_ifraig_recover\tc_public_18\logs,bc603df89d755e12f71cba6e0f4aa0f389708ff8279828836760a2532e0d61b7
full,FULL_SEARCH_PHASE5_NOT_FINAL_DECISION,choice_perturb_family,choice_fraig_ifraig_recover,a44a39d04dcc,false,true,strash; fraig; ifraig; dc2; balance; rewrite -z; refactor -z; balance,default,,tc_public_19,large,5304,18,1.905276,22.62890625,5238,18,passed,ok,5238,18,selected_raw,false,,false,,-66,0,-66,0,1.167058,0.441405,0.062040,1.670503,22.332,0.876777,0.986881,0,0,results\pipeline_search2\full\choice_fraig_ifraig_recover\tc_public_19\selected.blif,results\pipeline_search2\full\choice_fraig_ifraig_recover\tc_public_19\raw.candidate.blif,results\pipeline_search2\full\choice_fraig_ifraig_recover\tc_public_19\logs,6b3ba00731160370e6fa3e020283b31354503b88a398c4058e8044b7efc174c6
full,FULL_SEARCH_PHASE5_NOT_FINAL_DECISION,choice_perturb_family,choice_fraig_ifraig_recover,a44a39d04dcc,false,true,strash; fraig; ifraig; dc2; balance; rewrite -z; refactor -z; balance,default,,tc_public_2,tiny,19,4,0.299974,10.2578125,19,4,passed,ok,19,4,selected_raw,false,,false,,0,0,0,0,0.081218,0.082715,0.062323,0.226256,10.258,0.754253,1.000000,0,0,results\pipeline_search2\full\choice_fraig_ifraig_recover\tc_public_2\selected.blif,results\pipeline_search2\full\choice_fraig_ifraig_recover\tc_public_2\raw.candidate.blif,results\pipeline_search2\full\choice_fraig_ifraig_recover\tc_public_2\logs,724740a5f31f134e3b30a224e2d734ae0765c3be95a37296916948cb60220175
full,FULL_SEARCH_PHASE5_NOT_FINAL_DECISION,choice_perturb_family,choice_fraig_ifraig_recover,a44a39d04dcc,false,true,strash; fraig; ifraig; dc2; balance; rewrite -z; refactor -z; balance,default,,tc_public_20,large,5559,20,1.988655,23.0625,5484,20,passed,ok,5484,20,selected_raw,false,,false,,-75,0,-75,0,1.269163,0.508632,0.060560,1.838355,22.477,0.924421,0.974593,0,0,results\pipeline_search2\full\choice_fraig_ifraig_recover\tc_public_20\selected.blif,results\pipeline_search2\full\choice_fraig_ifraig_recover\tc_public_20\raw.candidate.blif,results\pipeline_search2\full\choice_fraig_ifraig_recover\tc_public_20\logs,3d2d0f4f51d3e73b337e5e2d55c58d1028c791ed955fab13760ef92ef5404bbd
full,FULL_SEARCH_PHASE5_NOT_FINAL_DECISION,choice_perturb_family,choice_fraig_ifraig_recover,a44a39d04dcc,false,true,strash; fraig; ifraig; dc2; balance; rewrite -z; refactor -z; balance,default,,tc_public_21,large,5577,20,1.987602,23.2890625,5496,20,passed,ok,5496,20,selected_raw,false,,false,,-81,0,-81,0,1.260324,0.466957,0.063600,1.790881,22.176,0.901026,0.952197,0,0,results\pipeline_search2\full\choice_fraig_ifraig_recover\tc_public_21\selected.blif,results\pipeline_search2\full\choice_fraig_ifraig_recover\tc_public_21\raw.candidate.blif,results\pipeline_search2\full\choice_fraig_ifraig_recover\tc_public_21\logs,092fcb9fe600489241aba7198b55ac0c002d7e1fde0be8c091b1c6555165cb70
full,FULL_SEARCH_PHASE5_NOT_FINAL_DECISION,choice_perturb_family,choice_fraig_ifraig_recover,a44a39d04dcc,false,true,strash; fraig; ifraig; dc2; balance; rewrite -z; refactor -z; balance,default,,tc_public_22,large,11067,20,3.665116,30.44140625,10836,20,passed,ok,10836,20,selected_raw,false,,false,,-231,0,-231,0,2.127695,0.907595,0.085231,3.120521,30.316,0.851411,0.995894,0,0,results\pipeline_search2\full\choice_fraig_ifraig_recover\tc_public_22\selected.blif,results\pipeline_search2\full\choice_fraig_ifraig_recover\tc_public_22\raw.candidate.blif,results\pipeline_search2\full\choice_fraig_ifraig_recover\tc_public_22\logs,70b9bcc87eb7948dea6f9a838f85fa1d533bff15fe86630c5941568b33c6067d
full,FULL_SEARCH_PHASE5_NOT_FINAL_DECISION,choice_perturb_family,choice_fraig_ifraig_recover,a44a39d04dcc,false,true,strash; fraig; ifraig; dc2; balance; rewrite -z; refactor -z; balance,default,,tc_public_23,medium,1530,16,0.312543,12.61328125,1530,16,passed,ok,1530,16,selected_raw,false,,false,,0,0,0,0,0.119561,0.087484,0.061523,0.268568,12.457,0.859299,0.987612,0,0,results\pipeline_search2\full\choice_fraig_ifraig_recover\tc_public_23\selected.blif,results\pipeline_search2\full\choice_fraig_ifraig_recover\tc_public_23\raw.candidate.blif,results\pipeline_search2\full\choice_fraig_ifraig_recover\tc_public_23\logs,09f49c449dbc88fd3cbb219583eb583b44618c232c38509fc6eab1340b66a9b6
full,FULL_SEARCH_PHASE5_NOT_FINAL_DECISION,choice_perturb_family,choice_fraig_ifraig_recover,a44a39d04dcc,false,true,strash; fraig; ifraig; dc2; balance; rewrite -z; refactor -z; balance,default,,tc_public_24,small,215,8,0.272149,10.12890625,215,8,passed,ok,215,8,selected_raw,false,,false,,0,0,0,0,0.081499,0.061707,0.060789,0.203995,10.258,0.749570,1.012727,0,0,results\pipeline_search2\full\choice_fraig_ifraig_recover\tc_public_24\selected.blif,results\pipeline_search2\full\choice_fraig_ifraig_recover\tc_public_24\raw.candidate.blif,results\pipeline_search2\full\choice_fraig_ifraig_recover\tc_public_24\logs,26e2b21043c267f3af28c4355bdba3e98b584d4d613823ee99d3ad729d702d5f
full,FULL_SEARCH_PHASE5_NOT_FINAL_DECISION,choice_perturb_family,choice_fraig_ifraig_recover,a44a39d04dcc,false,true,strash; fraig; ifraig; dc2; balance; rewrite -z; refactor -z; balance,default,,tc_public_25,small,26,4,0.268111,10.13671875,26,4,passed,ok,26,4,selected_raw,false,,false,,0,0,0,0,0.082202,0.062999,0.062171,0.207372,10.633,0.773456,1.048940,0,0,results\pipeline_search2\full\choice_fraig_ifraig_recover\tc_public_25\selected.blif,results\pipeline_search2\full\choice_fraig_ifraig_recover\tc_public_25\raw.candidate.blif,results\pipeline_search2\full\choice_fraig_ifraig_recover\tc_public_25\logs,6469af559aaeffff1bc96c38591471b9ae962c782987f1d54911e99bd63be80f
full,FULL_SEARCH_PHASE5_NOT_FINAL_DECISION,choice_perturb_family,choice_fraig_ifraig_recover,a44a39d04dcc,false,true,strash; fraig; ifraig; dc2; balance; rewrite -z; refactor -z; balance,default,,tc_public_26,medium,1048,10,0.337020,10.94140625,1036,10,passed,ok,1036,10,selected_raw,false,,false,,-12,0,-12,0,0.125012,0.100082,0.059947,0.285041,11.645,0.845768,1.064263,0,0,results\pipeline_search2\full\choice_fraig_ifraig_recover\tc_public_26\selected.blif,results\pipeline_search2\full\choice_fraig_ifraig_recover\tc_public_26\raw.candidate.blif,results\pipeline_search2\full\choice_fraig_ifraig_recover\tc_public_26\logs,55d53fa6b4f0eebd83705d256b363f82e6474b22fbdc85af389c9a40384ff7cc
full,FULL_SEARCH_PHASE5_NOT_FINAL_DECISION,choice_perturb_family,choice_fraig_ifraig_recover,a44a39d04dcc,false,true,strash; fraig; ifraig; dc2; balance; rewrite -z; refactor -z; balance,default,,tc_public_27,small,376,7,0.268204,10.40625,380,8,passed,ok,380,8,selected_raw,false,,false,,4,1,4,1,0.097558,0.060743,0.060792,0.219093,10.051,0.816891,0.965841,0,0,results\pipeline_search2\full\choice_fraig_ifraig_recover\tc_public_27\selected.blif,results\pipeline_search2\full\choice_fraig_ifraig_recover\tc_public_27\raw.candidate.blif,results\pipeline_search2\full\choice_fraig_ifraig_recover\tc_public_27\logs,1120bdf330c30d2c10cc7bffaa068bc339e8d7f60a6d7e98ecf566fae4aacc7f
full,FULL_SEARCH_PHASE5_NOT_FINAL_DECISION,choice_perturb_family,choice_fraig_ifraig_recover,a44a39d04dcc,false,true,strash; fraig; ifraig; dc2; balance; rewrite -z; refactor -z; balance,default,,tc_public_28,small,520,7,0.260640,10.2890625,524,8,passed,ok,524,8,selected_raw,false,,false,,4,1,4,1,0.115656,0.084481,0.061417,0.261554,11.391,1.003505,1.107062,0,0,results\pipeline_search2\full\choice_fraig_ifraig_recover\tc_public_28\selected.blif,results\pipeline_search2\full\choice_fraig_ifraig_recover\tc_public_28\raw.candidate.blif,results\pipeline_search2\full\choice_fraig_ifraig_recover\tc_public_28\logs,95c0ca1bd686f4b47a6c15ed83c2d0d11706e78eb0a9b4e80c880bb689811bfc
full,FULL_SEARCH_PHASE5_NOT_FINAL_DECISION,choice_perturb_family,choice_fraig_ifraig_recover,a44a39d04dcc,false,true,strash; fraig; ifraig; dc2; balance; rewrite -z; refactor -z; balance,default,,tc_public_29,small,109,7,0.275448,10.00390625,109,7,passed,ok,109,7,selected_raw,false,,false,,0,0,0,0,0.085819,0.063697,0.045318,0.194834,10.711,0.707335,1.070676,0,0,results\pipeline_search2\full\choice_fraig_ifraig_recover\tc_public_29\selected.blif,results\pipeline_search2\full\choice_fraig_ifraig_recover\tc_public_29\raw.candidate.blif,results\pipeline_search2\full\choice_fraig_ifraig_recover\tc_public_29\logs,781ea1ac68e5ad8af0229d45071e52f3613b0bc10a32f2ad457f4454c4e10536
full,FULL_SEARCH_PHASE5_NOT_FINAL_DECISION,choice_perturb_family,choice_fraig_ifraig_recover,a44a39d04dcc,false,true,strash; fraig; ifraig; dc2; balance; rewrite -z; refactor -z; balance,default,,tc_public_3,tiny,109,8,0.299433,10.33203125,124,8,passed,ok,124,8,selected_raw,false,,false,,15,0,15,0,0.081892,0.082837,0.045702,0.210431,10.340,0.702765,1.000756,0,0,results\pipeline_search2\full\choice_fraig_ifraig_recover\tc_public_3\selected.blif,results\pipeline_search2\full\choice_fraig_ifraig_recover\tc_public_3\raw.candidate.blif,results\pipeline_search2\full\choice_fraig_ifraig_recover\tc_public_3\logs,3b0d02382cb1e3c7fd0f7e79b9b501550d96ad02404de3b3e11a46883b50deaf
full,FULL_SEARCH_PHASE5_NOT_FINAL_DECISION,choice_perturb_family,choice_fraig_ifraig_recover,a44a39d04dcc,false,true,strash; fraig; ifraig; dc2; balance; rewrite -z; refactor -z; balance,default,,tc_public_30,large,6613,21,2.162263,31.3046875,7347,21,passed,metric_regression,6613,21,fallback_current_final,true,metric_regression: nodes_worse:734,true,nodes_worse:734,734,0,0,0,0.551480,1.333753,0.077589,1.962822,31.141,0.907763,0.994759,0,0,results\pipeline_search2\full\choice_fraig_ifraig_recover\tc_public_30\selected.blif,results\pipeline_search2\full\choice_fraig_ifraig_recover\tc_public_30\raw.candidate.blif,results\pipeline_search2\full\choice_fraig_ifraig_recover\tc_public_30\logs,0f9f7748083649982e92721f839d31642c810ea9f061766a201c8f76f67453f4
full,FULL_SEARCH_PHASE5_NOT_FINAL_DECISION,choice_perturb_family,choice_fraig_ifraig_recover,a44a39d04dcc,false,true,strash; fraig; ifraig; dc2; balance; rewrite -z; refactor -z; balance,default,,tc_public_4,tiny,69,8,0.331617,10.35546875,106,10,passed,metric_regression,69,8,fallback_current_final,true,metric_regression: nodes_worse:37,true,nodes_worse:37,37,2,0,0,0.079631,0.083669,0.060324,0.223624,10.340,0.674344,0.998491,0,0,results\pipeline_search2\full\choice_fraig_ifraig_recover\tc_public_4\selected.blif,results\pipeline_search2\full\choice_fraig_ifraig_recover\tc_public_4\raw.candidate.blif,results\pipeline_search2\full\choice_fraig_ifraig_recover\tc_public_4\logs,8b1188b5cd2873e6d0df10cd4b5841d30f5d9e6e8d4fa1fccfcb9787bcbb8c46
full,FULL_SEARCH_PHASE5_NOT_FINAL_DECISION,choice_perturb_family,choice_fraig_ifraig_recover,a44a39d04dcc,false,true,strash; fraig; ifraig; dc2; balance; rewrite -z; refactor -z; balance,default,,tc_public_5,small,65,2,0.301763,10.39453125,65,2,passed,ok,65,2,selected_raw,false,,false,,0,0,0,0,0.081445,0.062570,0.060334,0.204349,10.379,0.677184,0.998497,0,0,results\pipeline_search2\full\choice_fraig_ifraig_recover\tc_public_5\selected.blif,results\pipeline_search2\full\choice_fraig_ifraig_recover\tc_public_5\raw.candidate.blif,results\pipeline_search2\full\choice_fraig_ifraig_recover\tc_public_5\logs,97675ffac477beeaae7cc5a9f6ec6b5ec088fc0976d8676d930acfff16c18116
full,FULL_SEARCH_PHASE5_NOT_FINAL_DECISION,choice_perturb_family,choice_fraig_ifraig_recover,a44a39d04dcc,false,true,strash; fraig; ifraig; dc2; balance; rewrite -z; refactor -z; balance,default,,tc_public_6,small,162,4,0.311217,10.6171875,162,4,passed,ok,162,4,selected_raw,false,,false,,0,0,0,0,0.081995,0.083748,0.045535,0.211278,10.574,0.678876,0.995953,0,0,results\pipeline_search2\full\choice_fraig_ifraig_recover\tc_public_6\selected.blif,results\pipeline_search2\full\choice_fraig_ifraig_recover\tc_public_6\raw.candidate.blif,results\pipeline_search2\full\choice_fraig_ifraig_recover\tc_public_6\logs,589b02e6c9baf6da6799e171df5e771d49c8da8af60db2fe390237a58ab4017b
full,FULL_SEARCH_PHASE5_NOT_FINAL_DECISION,choice_perturb_family,choice_fraig_ifraig_recover,a44a39d04dcc,false,true,strash; fraig; ifraig; dc2; balance; rewrite -z; refactor -z; balance,default,,tc_public_7,small,252,3,0.270967,10.65234375,252,3,passed,ok,252,3,selected_raw,false,,false,,0,0,0,0,0.101976,0.081590,0.062247,0.245813,10.688,0.907171,1.003300,0,0,results\pipeline_search2\full\choice_fraig_ifraig_recover\tc_public_7\selected.blif,results\pipeline_search2\full\choice_fraig_ifraig_recover\tc_public_7\raw.candidate.blif,results\pipeline_search2\full\choice_fraig_ifraig_recover\tc_public_7\logs,e660d82ed176c0e833621d91388449a1ad9774f905497281cb95e0d42cd7bd2e
full,FULL_SEARCH_PHASE5_NOT_FINAL_DECISION,choice_perturb_family,choice_fraig_ifraig_recover,a44a39d04dcc,false,true,strash; fraig; ifraig; dc2; balance; rewrite -z; refactor -z; balance,default,,tc_public_8,small,193,3,0.307302,10.578125,192,4,passed,ok,192,4,selected_raw,false,,false,,-1,1,-1,1,0.082110,0.082205,0.063555,0.227870,10.609,0.741519,1.002954,0,0,results\pipeline_search2\full\choice_fraig_ifraig_recover\tc_public_8\selected.blif,results\pipeline_search2\full\choice_fraig_ifraig_recover\tc_public_8\raw.candidate.blif,results\pipeline_search2\full\choice_fraig_ifraig_recover\tc_public_8\logs,050ff827cfe59c056f2f5f7170eedc7672b48c67a0faea3072ba3f4413b270d7
full,FULL_SEARCH_PHASE5_NOT_FINAL_DECISION,choice_perturb_family,choice_fraig_ifraig_recover,a44a39d04dcc,false,true,strash; fraig; ifraig; dc2; balance; rewrite -z; refactor -z; balance,default,,tc_public_9,tiny,224,5,0.284901,10.55859375,224,5,passed,ok,224,5,selected_raw,false,,false,,0,0,0,0,0.084311,0.083327,0.076631,0.244269,10.531,0.857381,0.997410,0,0,results\pipeline_search2\full\choice_fraig_ifraig_recover\tc_public_9\selected.blif,results\pipeline_search2\full\choice_fraig_ifraig_recover\tc_public_9\raw.candidate.blif,results\pipeline_search2\full\choice_fraig_ifraig_recover\tc_public_9\logs,7cd826ca4c53b032e7ef367b3fa9730180ba563a77218d289bfeb6f4f9a86105
full,FULL_SEARCH_PHASE5_NOT_FINAL_DECISION,choice_perturb_family,choice_ifraig_clean,eb815595a495,false,true,strash; ifraig; balance; rewrite -z; refactor -z; dc2; balance,default,,tc_public_1,tiny,103,10,0.299524,10.1328125,120,8,passed,ok,120,8,selected_raw,false,,false,,17,-2,17,-2,0.082760,0.084507,0.061138,0.228405,10.348,0.762560,1.021203,0,0,results\pipeline_search2\full\choice_ifraig_clean\tc_public_1\selected.blif,results\pipeline_search2\full\choice_ifraig_clean\tc_public_1\raw.candidate.blif,results\pipeline_search2\full\choice_ifraig_clean\tc_public_1\logs,7d383daef5cfa34e82edc3655c64ed00de53ed27a849e47205113d8f64ada09f
full,FULL_SEARCH_PHASE5_NOT_FINAL_DECISION,choice_perturb_family,choice_ifraig_clean,eb815595a495,false,true,strash; ifraig; balance; rewrite -z; refactor -z; dc2; balance,default,,tc_public_10,small,161,4,0.257631,10.39453125,161,4,passed,ok,161,4,selected_raw,false,,false,,0,0,0,0,0.084518,0.061882,0.061527,0.207927,10.473,0.807074,1.007516,0,0,results\pipeline_search2\full\choice_ifraig_clean\tc_public_10\selected.blif,results\pipeline_search2\full\choice_ifraig_clean\tc_public_10\raw.candidate.blif,results\pipeline_search2\full\choice_ifraig_clean\tc_public_10\logs,90b9137ab3ada589bce004e176f36ecae62ea5d15bf7569e94be8886ebc13580
full,FULL_SEARCH_PHASE5_NOT_FINAL_DECISION,choice_perturb_family,choice_ifraig_clean,eb815595a495,false,true,strash; ifraig; balance; rewrite -z; refactor -z; dc2; balance,default,,tc_public_11,medium,328,7,0.286706,10.80859375,328,7,passed,ok,328,7,selected_raw,false,,false,,0,0,0,0,0.099719,0.083200,0.062453,0.245372,11.164,0.855832,1.032888,0,0,results\pipeline_search2\full\choice_ifraig_clean\tc_public_11\selected.blif,results\pipeline_search2\full\choice_ifraig_clean\tc_public_11\raw.candidate.blif,results\pipeline_search2\full\choice_ifraig_clean\tc_public_11\logs,14ee2a2fa83c26866d3cae549839e680bb99cda331987e4680c06bd226c37d59
full,FULL_SEARCH_PHASE5_NOT_FINAL_DECISION,choice_perturb_family,choice_ifraig_clean,eb815595a495,false,true,strash; ifraig; balance; rewrite -z; refactor -z; dc2; balance,default,,tc_public_12,medium,1385,13,0.346738,13.5625,1387,14,passed,ok,1387,14,selected_raw,false,,false,,2,1,2,1,0.122196,0.083928,0.064483,0.270607,12.535,0.780438,0.924251,0,0,results\pipeline_search2\full\choice_ifraig_clean\tc_public_12\selected.blif,results\pipeline_search2\full\choice_ifraig_clean\tc_public_12\raw.candidate.blif,results\pipeline_search2\full\choice_ifraig_clean\tc_public_12\logs,2c0f04b6a7dc69326218b21127527de22b7e0e6e41f47ec080feb2786c0b095e
full,FULL_SEARCH_PHASE5_NOT_FINAL_DECISION,choice_perturb_family,choice_ifraig_clean,eb815595a495,false,true,strash; ifraig; balance; rewrite -z; refactor -z; dc2; balance,default,,tc_public_13,small,1058,13,0.421358,15.734375,1043,13,passed,ok,1043,13,selected_raw,false,,false,,-15,0,-15,0,0.121107,0.141746,0.061443,0.324296,15.660,0.769644,0.995283,0,0,results\pipeline_search2\full\choice_ifraig_clean\tc_public_13\selected.blif,results\pipeline_search2\full\choice_ifraig_clean\tc_public_13\raw.candidate.blif,results\pipeline_search2\full\choice_ifraig_clean\tc_public_13\logs,3a413a2de64571918383920da39b1b4911046f25d53c127c037013108775c08a
full,FULL_SEARCH_PHASE5_NOT_FINAL_DECISION,choice_perturb_family,choice_ifraig_clean,eb815595a495,false,true,strash; ifraig; balance; rewrite -z; refactor -z; dc2; balance,default,,tc_public_14,large,3703,25,0.586281,19.07421875,2204,17,passed,ok,2204,17,selected_raw,false,,false,,-1499,-8,-1499,-8,0.425531,0.139061,0.060825,0.625417,18.539,1.066752,0.971943,0,0,results\pipeline_search2\full\choice_ifraig_clean\tc_public_14\selected.blif,results\pipeline_search2\full\choice_ifraig_clean\tc_public_14\raw.candidate.blif,results\pipeline_search2\full\choice_ifraig_clean\tc_public_14\logs,ff388a6a4c8f5dc937d7c24f7c2b1df346f049a601107f9d32198cd53b5f274d
full,FULL_SEARCH_PHASE5_NOT_FINAL_DECISION,choice_perturb_family,choice_ifraig_clean,eb815595a495,false,true,strash; ifraig; balance; rewrite -z; refactor -z; dc2; balance,default,,tc_public_15,small,927,11,0.323562,10.890625,927,11,passed,ok,927,11,selected_raw,false,,false,,0,0,0,0,0.099919,0.102260,0.062355,0.264534,10.785,0.817568,0.990316,0,0,results\pipeline_search2\full\choice_ifraig_clean\tc_public_15\selected.blif,results\pipeline_search2\full\choice_ifraig_clean\tc_public_15\raw.candidate.blif,results\pipeline_search2\full\choice_ifraig_clean\tc_public_15\logs,365258b90c85319e69dec9ae50dff1d320079ae124e62a23b0cc72d2b5f11e07
full,FULL_SEARCH_PHASE5_NOT_FINAL_DECISION,choice_perturb_family,choice_ifraig_clean,eb815595a495,false,true,strash; ifraig; balance; rewrite -z; refactor -z; dc2; balance,default,,tc_public_16,tiny,45,6,0.251822,9.9296875,45,6,passed,ok,45,6,selected_raw,false,,false,,0,0,0,0,0.096824,0.060593,0.061589,0.219006,10.000,0.869687,1.007081,0,0,results\pipeline_search2\full\choice_ifraig_clean\tc_public_16\selected.blif,results\pipeline_search2\full\choice_ifraig_clean\tc_public_16\raw.candidate.blif,results\pipeline_search2\full\choice_ifraig_clean\tc_public_16\logs,e06a3e3c894d45e6feb38f576cddda4398ed539ff519d2648b7b63cd12332b95
full,FULL_SEARCH_PHASE5_NOT_FINAL_DECISION,choice_perturb_family,choice_ifraig_clean,eb815595a495,false,true,strash; ifraig; balance; rewrite -z; refactor -z; dc2; balance,default,,tc_public_17,small,93,6,0.265710,9.96484375,93,6,passed,ok,93,6,selected_raw,false,,false,,0,0,0,0,0.081234,0.061330,0.044345,0.186909,10.016,0.703433,1.005096,0,0,results\pipeline_search2\full\choice_ifraig_clean\tc_public_17\selected.blif,results\pipeline_search2\full\choice_ifraig_clean\tc_public_17\raw.candidate.blif,results\pipeline_search2\full\choice_ifraig_clean\tc_public_17\logs,f1ffcf1c8b846ae87658afa45ab5281c2d0845e3595271cccf5ed100bc062d44
full,FULL_SEARCH_PHASE5_NOT_FINAL_DECISION,choice_perturb_family,choice_ifraig_clean,eb815595a495,false,true,strash; ifraig; balance; rewrite -z; refactor -z; dc2; balance,default,,tc_public_18,medium,498,12,0.469088,12.2578125,498,12,passed,ok,498,12,selected_raw,false,,false,,0,0,0,0,0.191531,0.134761,0.045649,0.371941,12.211,0.792903,0.996176,0,0,results\pipeline_search2\full\choice_ifraig_clean\tc_public_18\selected.blif,results\pipeline_search2\full\choice_ifraig_clean\tc_public_18\raw.candidate.blif,results\pipeline_search2\full\choice_ifraig_clean\tc_public_18\logs,563312bb0708750aef7ec4b1a865063f5356b1cd02744c746956bc8732800f71
full,FULL_SEARCH_PHASE5_NOT_FINAL_DECISION,choice_perturb_family,choice_ifraig_clean,eb815595a495,false,true,strash; ifraig; balance; rewrite -z; refactor -z; dc2; balance,default,,tc_public_19,large,5304,18,1.905276,22.62890625,5304,18,passed,ok,5304,18,selected_raw,false,,false,,0,0,0,0,1.216750,0.474560,0.062401,1.753711,22.371,0.920450,0.988607,0,0,results\pipeline_search2\full\choice_ifraig_clean\tc_public_19\selected.blif,results\pipeline_search2\full\choice_ifraig_clean\tc_public_19\raw.candidate.blif,results\pipeline_search2\full\choice_ifraig_clean\tc_public_19\logs,b0b11096e44eacb86595e7a390eeaa9e4565c600873b6a4656af95f168ad9ceb
full,FULL_SEARCH_PHASE5_NOT_FINAL_DECISION,choice_perturb_family,choice_ifraig_clean,eb815595a495,false,true,strash; ifraig; balance; rewrite -z; refactor -z; dc2; balance,default,,tc_public_2,tiny,19,4,0.299974,10.2578125,19,4,passed,ok,19,4,selected_raw,false,,false,,0,0,0,0,0.082808,0.083754,0.062966,0.229528,10.242,0.765161,0.998477,0,0,results\pipeline_search2\full\choice_ifraig_clean\tc_public_2\selected.blif,results\pipeline_search2\full\choice_ifraig_clean\tc_public_2\raw.candidate.blif,results\pipeline_search2\full\choice_ifraig_clean\tc_public_2\logs,7a9896e464b95ec332a1a5addd9203778a0f0f26bdde4f03b7d29c66f95a2bae
full,FULL_SEARCH_PHASE5_NOT_FINAL_DECISION,choice_perturb_family,choice_ifraig_clean,eb815595a495,false,true,strash; ifraig; balance; rewrite -z; refactor -z; dc2; balance,default,,tc_public_20,large,5559,20,1.988655,23.0625,5559,20,passed,ok,5559,20,selected_raw,false,,false,,0,0,0,0,1.279187,0.496197,0.076319,1.851703,22.641,0.931134,0.981707,0,0,results\pipeline_search2\full\choice_ifraig_clean\tc_public_20\selected.blif,results\pipeline_search2\full\choice_ifraig_clean\tc_public_20\raw.candidate.blif,results\pipeline_search2\full\choice_ifraig_clean\tc_public_20\logs,af9e94c897617ec2cdb4a3d6a0780cb8ba3eb2f2c1442611fb120d555c593f1d
full,FULL_SEARCH_PHASE5_NOT_FINAL_DECISION,choice_perturb_family,choice_ifraig_clean,eb815595a495,false,true,strash; ifraig; balance; rewrite -z; refactor -z; dc2; balance,default,,tc_public_21,large,5577,20,1.987602,23.2890625,5577,20,passed,ok,5577,20,selected_raw,false,,false,,0,0,0,0,1.331486,0.477032,0.063828,1.872346,23.832,0.942013,1.023314,0,0,results\pipeline_search2\full\choice_ifraig_clean\tc_public_21\selected.blif,results\pipeline_search2\full\choice_ifraig_clean\tc_public_21\raw.candidate.blif,results\pipeline_search2\full\choice_ifraig_clean\tc_public_21\logs,29b868c88f0477997f22b6e259da5e9ecb72f8b9d61a08e70b076c9d155e4c71
full,FULL_SEARCH_PHASE5_NOT_FINAL_DECISION,choice_perturb_family,choice_ifraig_clean,eb815595a495,false,true,strash; ifraig; balance; rewrite -z; refactor -z; dc2; balance,default,,tc_public_22,large,11067,20,3.665116,30.44140625,11067,20,passed,ok,11067,20,selected_raw,false,,false,,0,0,0,0,2.457923,0.906021,0.082617,3.446561,30.270,0.940369,0.994354,0,0,results\pipeline_search2\full\choice_ifraig_clean\tc_public_22\selected.blif,results\pipeline_search2\full\choice_ifraig_clean\tc_public_22\raw.candidate.blif,results\pipeline_search2\full\choice_ifraig_clean\tc_public_22\logs,fb4d042b14b67aa57fbad4caf11448f442588cac12e57b145957362e4566538a
full,FULL_SEARCH_PHASE5_NOT_FINAL_DECISION,choice_perturb_family,choice_ifraig_clean,eb815595a495,false,true,strash; ifraig; balance; rewrite -z; refactor -z; dc2; balance,default,,tc_public_23,medium,1530,16,0.312543,12.61328125,1530,16,passed,ok,1530,16,selected_raw,false,,false,,0,0,0,0,0.123374,0.084157,0.063902,0.271433,12.250,0.868466,0.971199,0,0,results\pipeline_search2\full\choice_ifraig_clean\tc_public_23\selected.blif,results\pipeline_search2\full\choice_ifraig_clean\tc_public_23\raw.candidate.blif,results\pipeline_search2\full\choice_ifraig_clean\tc_public_23\logs,3b65427686613a3ec94cb2c915538004032efcd3569933b98eb9ab97aa95f771
full,FULL_SEARCH_PHASE5_NOT_FINAL_DECISION,choice_perturb_family,choice_ifraig_clean,eb815595a495,false,true,strash; ifraig; balance; rewrite -z; refactor -z; dc2; balance,default,,tc_public_24,small,215,8,0.272149,10.12890625,215,8,passed,ok,215,8,selected_raw,false,,false,,0,0,0,0,0.083976,0.061864,0.044290,0.190130,10.230,0.698624,1.010027,0,0,results\pipeline_search2\full\choice_ifraig_clean\tc_public_24\selected.blif,results\pipeline_search2\full\choice_ifraig_clean\tc_public_24\raw.candidate.blif,results\pipeline_search2\full\choice_ifraig_clean\tc_public_24\logs,beca017ef50a88c10f9cf0cb2a0053de405179bc443982a1175a685f2bc2a5ef
full,FULL_SEARCH_PHASE5_NOT_FINAL_DECISION,choice_perturb_family,choice_ifraig_clean,eb815595a495,false,true,strash; ifraig; balance; rewrite -z; refactor -z; dc2; balance,default,,tc_public_25,small,26,4,0.268111,10.13671875,26,4,passed,ok,26,4,selected_raw,false,,false,,0,0,0,0,0.082313,0.077495,0.062517,0.222325,10.195,0.829228,1.005780,0,0,results\pipeline_search2\full\choice_ifraig_clean\tc_public_25\selected.blif,results\pipeline_search2\full\choice_ifraig_clean\tc_public_25\raw.candidate.blif,results\pipeline_search2\full\choice_ifraig_clean\tc_public_25\logs,cfdc710d2560df0c6afbd451ecda4b722abace79ef888beb7507a1863163ddc6
full,FULL_SEARCH_PHASE5_NOT_FINAL_DECISION,choice_perturb_family,choice_ifraig_clean,eb815595a495,false,true,strash; ifraig; balance; rewrite -z; refactor -z; dc2; balance,default,,tc_public_26,medium,1048,10,0.337020,10.94140625,1048,10,passed,ok,1048,10,selected_raw,false,,false,,0,0,0,0,0.120332,0.082784,0.062370,0.265486,12.023,0.787745,1.098893,0,0,results\pipeline_search2\full\choice_ifraig_clean\tc_public_26\selected.blif,results\pipeline_search2\full\choice_ifraig_clean\tc_public_26\raw.candidate.blif,results\pipeline_search2\full\choice_ifraig_clean\tc_public_26\logs,1e94cc06d371e078960ad40ca49bb57dcfb7220c481fbb90f1c5ba2040b503e9
full,FULL_SEARCH_PHASE5_NOT_FINAL_DECISION,choice_perturb_family,choice_ifraig_clean,eb815595a495,false,true,strash; ifraig; balance; rewrite -z; refactor -z; dc2; balance,default,,tc_public_27,small,376,7,0.268204,10.40625,380,8,passed,ok,380,8,selected_raw,false,,false,,4,1,4,1,0.101749,0.062027,0.061066,0.224842,9.066,0.838326,0.871246,0,0,results\pipeline_search2\full\choice_ifraig_clean\tc_public_27\selected.blif,results\pipeline_search2\full\choice_ifraig_clean\tc_public_27\raw.candidate.blif,results\pipeline_search2\full\choice_ifraig_clean\tc_public_27\logs,045bb6b2216f9ae0e294e8a9f7a4a3ab20ca0861506d2f240b6998d07b476bd3
full,FULL_SEARCH_PHASE5_NOT_FINAL_DECISION,choice_perturb_family,choice_ifraig_clean,eb815595a495,false,true,strash; ifraig; balance; rewrite -z; refactor -z; dc2; balance,default,,tc_public_28,small,520,7,0.260640,10.2890625,524,8,passed,ok,524,8,selected_raw,false,,false,,4,1,4,1,0.101453,0.088243,0.066068,0.255764,10.375,0.981290,1.008352,0,0,results\pipeline_search2\full\choice_ifraig_clean\tc_public_28\selected.blif,results\pipeline_search2\full\choice_ifraig_clean\tc_public_28\raw.candidate.blif,results\pipeline_search2\full\choice_ifraig_clean\tc_public_28\logs,797c70121fe05487a8eb5e5fa1260b22f0e11c399a6f5157c573617271cc6617
full,FULL_SEARCH_PHASE5_NOT_FINAL_DECISION,choice_perturb_family,choice_ifraig_clean,eb815595a495,false,true,strash; ifraig; balance; rewrite -z; refactor -z; dc2; balance,default,,tc_public_29,small,109,7,0.275448,10.00390625,109,7,passed,ok,109,7,selected_raw,false,,false,,0,0,0,0,0.091956,0.066619,0.046057,0.204632,10.066,0.742906,1.006248,0,0,results\pipeline_search2\full\choice_ifraig_clean\tc_public_29\selected.blif,results\pipeline_search2\full\choice_ifraig_clean\tc_public_29\raw.candidate.blif,results\pipeline_search2\full\choice_ifraig_clean\tc_public_29\logs,95235a920e22429217f5815dcc7a64e369feb8e3c202320108e048047203fe81
full,FULL_SEARCH_PHASE5_NOT_FINAL_DECISION,choice_perturb_family,choice_ifraig_clean,eb815595a495,false,true,strash; ifraig; balance; rewrite -z; refactor -z; dc2; balance,default,,tc_public_3,tiny,109,8,0.299433,10.33203125,136,8,passed,metric_regression,109,8,fallback_current_final,true,metric_regression: nodes_worse:27,true,nodes_worse:27,27,0,0,0,0.082804,0.082727,0.078190,0.243721,10.352,0.813942,1.001890,0,0,results\pipeline_search2\full\choice_ifraig_clean\tc_public_3\selected.blif,results\pipeline_search2\full\choice_ifraig_clean\tc_public_3\raw.candidate.blif,results\pipeline_search2\full\choice_ifraig_clean\tc_public_3\logs,d040f6f5987720050f0420afe5160d3e96bdb94f500459439f7484d0cacd50c6
full,FULL_SEARCH_PHASE5_NOT_FINAL_DECISION,choice_perturb_family,choice_ifraig_clean,eb815595a495,false,true,strash; ifraig; balance; rewrite -z; refactor -z; dc2; balance,default,,tc_public_30,large,6613,21,2.162263,31.3046875,6613,21,passed,ok,6613,21,selected_raw,false,,false,,0,0,0,0,0.436504,1.372203,0.062971,1.871678,31.047,0.865611,0.991764,0,0,results\pipeline_search2\full\choice_ifraig_clean\tc_public_30\selected.blif,results\pipeline_search2\full\choice_ifraig_clean\tc_public_30\raw.candidate.blif,results\pipeline_search2\full\choice_ifraig_clean\tc_public_30\logs,bc3e3ae369d119f30d556c6558dffee171977d06a6c7e1e4bb9a67ec28be33de
full,FULL_SEARCH_PHASE5_NOT_FINAL_DECISION,choice_perturb_family,choice_ifraig_clean,eb815595a495,false,true,strash; ifraig; balance; rewrite -z; refactor -z; dc2; balance,default,,tc_public_4,tiny,69,8,0.331617,10.35546875,108,9,passed,metric_regression,69,8,fallback_current_final,true,metric_regression: nodes_worse:39,true,nodes_worse:39,39,1,0,0,0.081836,0.083988,0.061509,0.227333,10.340,0.685529,0.998491,0,0,results\pipeline_search2\full\choice_ifraig_clean\tc_public_4\selected.blif,results\pipeline_search2\full\choice_ifraig_clean\tc_public_4\raw.candidate.blif,results\pipeline_search2\full\choice_ifraig_clean\tc_public_4\logs,047cfa0efc2478f5fe234caa54af463091d7efbf1028caf2320b61d1c56b259b
full,FULL_SEARCH_PHASE5_NOT_FINAL_DECISION,choice_perturb_family,choice_ifraig_clean,eb815595a495,false,true,strash; ifraig; balance; rewrite -z; refactor -z; dc2; balance,default,,tc_public_5,small,65,2,0.301763,10.39453125,65,2,passed,ok,65,2,selected_raw,false,,false,,0,0,0,0,0.091338,0.062970,0.063311,0.217619,8.688,0.721159,0.835776,0,0,results\pipeline_search2\full\choice_ifraig_clean\tc_public_5\selected.blif,results\pipeline_search2\full\choice_ifraig_clean\tc_public_5\raw.candidate.blif,results\pipeline_search2\full\choice_ifraig_clean\tc_public_5\logs,6282ef7d776100588b3990fab99314637d693624b049a5494b4afe9623e60e05
full,FULL_SEARCH_PHASE5_NOT_FINAL_DECISION,choice_perturb_family,choice_ifraig_clean,eb815595a495,false,true,strash; ifraig; balance; rewrite -z; refactor -z; dc2; balance,default,,tc_public_6,small,162,4,0.311217,10.6171875,162,4,passed,ok,162,4,selected_raw,false,,false,,0,0,0,0,0.084463,0.112153,0.065737,0.262353,10.047,0.842989,0.946284,0,0,results\pipeline_search2\full\choice_ifraig_clean\tc_public_6\selected.blif,results\pipeline_search2\full\choice_ifraig_clean\tc_public_6\raw.candidate.blif,results\pipeline_search2\full\choice_ifraig_clean\tc_public_6\logs,160c3fe88de7dd05102a7bf9c8ddc3538dc965a2012a42f7ac19cd3cbc3c7c37
full,FULL_SEARCH_PHASE5_NOT_FINAL_DECISION,choice_perturb_family,choice_ifraig_clean,eb815595a495,false,true,strash; ifraig; balance; rewrite -z; refactor -z; dc2; balance,default,,tc_public_7,small,252,3,0.270967,10.65234375,252,3,passed,ok,252,3,selected_raw,false,,false,,0,0,0,0,0.083959,0.084535,0.063543,0.232037,10.676,0.856331,1.002200,0,0,results\pipeline_search2\full\choice_ifraig_clean\tc_public_7\selected.blif,results\pipeline_search2\full\choice_ifraig_clean\tc_public_7\raw.candidate.blif,results\pipeline_search2\full\choice_ifraig_clean\tc_public_7\logs,e61bccbf642a11e5b5f0308da710671bf23c6ebe6768f5496e2acc45390b7718
full,FULL_SEARCH_PHASE5_NOT_FINAL_DECISION,choice_perturb_family,choice_ifraig_clean,eb815595a495,false,true,strash; ifraig; balance; rewrite -z; refactor -z; dc2; balance,default,,tc_public_8,small,193,3,0.307302,10.578125,192,4,passed,ok,192,4,selected_raw,false,,false,,-1,1,-1,1,0.082666,0.083672,0.063475,0.229813,10.621,0.747841,1.004062,0,0,results\pipeline_search2\full\choice_ifraig_clean\tc_public_8\selected.blif,results\pipeline_search2\full\choice_ifraig_clean\tc_public_8\raw.candidate.blif,results\pipeline_search2\full\choice_ifraig_clean\tc_public_8\logs,bb999eb2cae9b883c601c5df1d42ff5b0e9d170ffb1a14bce59d2a14804327d9
full,FULL_SEARCH_PHASE5_NOT_FINAL_DECISION,choice_perturb_family,choice_ifraig_clean,eb815595a495,false,true,strash; ifraig; balance; rewrite -z; refactor -z; dc2; balance,default,,tc_public_9,tiny,224,5,0.284901,10.55859375,224,5,passed,ok,224,5,selected_raw,false,,false,,0,0,0,0,0.083023,0.081773,0.060214,0.225010,10.480,0.789782,0.992601,0,0,results\pipeline_search2\full\choice_ifraig_clean\tc_public_9\selected.blif,results\pipeline_search2\full\choice_ifraig_clean\tc_public_9\raw.candidate.blif,results\pipeline_search2\full\choice_ifraig_clean\tc_public_9\logs,a0acdea68082f3c66d7f73ba51541385c2c69ce78d26f3dc90afbd6d8d07265f
full,FULL_SEARCH_PHASE5_NOT_FINAL_DECISION,dc2_dch_family,dc2_fraig_cleanup,0d968b547c8f,true,false,strash; fraig; dc2; balance; rewrite -z; refactor -z; balance,default,,tc_public_1,tiny,103,10,0.299524,10.1328125,124,9,passed,ok,124,9,selected_raw,false,,false,,21,-1,21,-1,0.081446,0.080614,0.045395,0.207455,10.352,0.692615,1.021588,0,0,results\pipeline_search2\full\dc2_fraig_cleanup\tc_public_1\selected.blif,results\pipeline_search2\full\dc2_fraig_cleanup\tc_public_1\raw.candidate.blif,results\pipeline_search2\full\dc2_fraig_cleanup\tc_public_1\logs,72d838589bb3845f4113e830c06ea2d6625227da2c3729ba442bc63b238a1d36
full,FULL_SEARCH_PHASE5_NOT_FINAL_DECISION,dc2_dch_family,dc2_fraig_cleanup,0d968b547c8f,true,false,strash; fraig; dc2; balance; rewrite -z; refactor -z; balance,default,,tc_public_10,small,161,4,0.257631,10.39453125,161,4,passed,ok,161,4,selected_raw,false,,false,,0,0,0,0,0.081863,0.061471,0.063677,0.207011,10.527,0.803518,1.012777,0,0,results\pipeline_search2\full\dc2_fraig_cleanup\tc_public_10\selected.blif,results\pipeline_search2\full\dc2_fraig_cleanup\tc_public_10\raw.candidate.blif,results\pipeline_search2\full\dc2_fraig_cleanup\tc_public_10\logs,0ef47729c237ca74616ff958d6c62fb4c9dd1bec1cd63c80aeefb59504877a03
full,FULL_SEARCH_PHASE5_NOT_FINAL_DECISION,dc2_dch_family,dc2_fraig_cleanup,0d968b547c8f,true,false,strash; fraig; dc2; balance; rewrite -z; refactor -z; balance,default,,tc_public_11,medium,328,7,0.286706,10.80859375,328,7,passed,ok,328,7,selected_raw,false,,false,,0,0,0,0,0.099079,0.083207,0.044729,0.227015,11.746,0.791804,1.086737,0,0,results\pipeline_search2\full\dc2_fraig_cleanup\tc_public_11\selected.blif,results\pipeline_search2\full\dc2_fraig_cleanup\tc_public_11\raw.candidate.blif,results\pipeline_search2\full\dc2_fraig_cleanup\tc_public_11\logs,c1bad7facb1eb09274f42d322f48e54780fd6b55ba1e871e97dec9853c5525d3
full,FULL_SEARCH_PHASE5_NOT_FINAL_DECISION,dc2_dch_family,dc2_fraig_cleanup,0d968b547c8f,true,false,strash; fraig; dc2; balance; rewrite -z; refactor -z; balance,default,,tc_public_12,medium,1385,13,0.346738,13.5625,1370,14,passed,ok,1370,14,selected_raw,false,,false,,-15,1,-15,1,0.118927,0.082118,0.062293,0.263338,11.781,0.759474,0.868664,0,0,results\pipeline_search2\full\dc2_fraig_cleanup\tc_public_12\selected.blif,results\pipeline_search2\full\dc2_fraig_cleanup\tc_public_12\raw.candidate.blif,results\pipeline_search2\full\dc2_fraig_cleanup\tc_public_12\logs,cb666c976b483aa0ebc698c37f602dc93f094ab3d193671b2c2f4112538bfa61
full,FULL_SEARCH_PHASE5_NOT_FINAL_DECISION,dc2_dch_family,dc2_fraig_cleanup,0d968b547c8f,true,false,strash; fraig; dc2; balance; rewrite -z; refactor -z; balance,default,,tc_public_13,small,1058,13,0.421358,15.734375,1058,13,passed,ok,1058,13,selected_raw,false,,false,,0,0,0,0,0.118839,0.192961,0.060348,0.372148,16.117,0.883211,1.024330,0,0,results\pipeline_search2\full\dc2_fraig_cleanup\tc_public_13\selected.blif,results\pipeline_search2\full\dc2_fraig_cleanup\tc_public_13\raw.candidate.blif,results\pipeline_search2\full\dc2_fraig_cleanup\tc_public_13\logs,cdb63d1cdfcd47f6abd565f143d868005afa29bc5f80e43eb0a66bc22c13d8b2
full,FULL_SEARCH_PHASE5_NOT_FINAL_DECISION,dc2_dch_family,dc2_fraig_cleanup,0d968b547c8f,true,false,strash; fraig; dc2; balance; rewrite -z; refactor -z; balance,default,,tc_public_14,large,3703,25,0.586281,19.07421875,2271,17,passed,ok,2271,17,selected_raw,false,,false,,-1432,-8,-1432,-8,0.347057,0.153091,0.061802,0.561950,21.148,0.958499,1.108745,0,0,results\pipeline_search2\full\dc2_fraig_cleanup\tc_public_14\selected.blif,results\pipeline_search2\full\dc2_fraig_cleanup\tc_public_14\raw.candidate.blif,results\pipeline_search2\full\dc2_fraig_cleanup\tc_public_14\logs,e0efc1c6549c6e757f97cacb48cd0cd64554df5f421baf7c91545decad838aa2
full,FULL_SEARCH_PHASE5_NOT_FINAL_DECISION,dc2_dch_family,dc2_fraig_cleanup,0d968b547c8f,true,false,strash; fraig; dc2; balance; rewrite -z; refactor -z; balance,default,,tc_public_15,small,927,11,0.323562,10.890625,926,11,passed,ok,926,11,selected_raw,false,,false,,-1,0,-1,0,0.099916,0.083501,0.062304,0.245721,11.414,0.759424,1.048063,0,0,results\pipeline_search2\full\dc2_fraig_cleanup\tc_public_15\selected.blif,results\pipeline_search2\full\dc2_fraig_cleanup\tc_public_15\raw.candidate.blif,results\pipeline_search2\full\dc2_fraig_cleanup\tc_public_15\logs,c2c9870d411e0b77c6d3f2ddece88345a45463f595289d436982e4c2c2b0b6fb
full,FULL_SEARCH_PHASE5_NOT_FINAL_DECISION,dc2_dch_family,dc2_fraig_cleanup,0d968b547c8f,true,false,strash; fraig; dc2; balance; rewrite -z; refactor -z; balance,default,,tc_public_16,tiny,45,6,0.251822,9.9296875,45,6,passed,ok,45,6,selected_raw,false,,false,,0,0,0,0,0.100395,0.060807,0.061370,0.222572,10.457,0.883848,1.053108,0,0,results\pipeline_search2\full\dc2_fraig_cleanup\tc_public_16\selected.blif,results\pipeline_search2\full\dc2_fraig_cleanup\tc_public_16\raw.candidate.blif,results\pipeline_search2\full\dc2_fraig_cleanup\tc_public_16\logs,c0ab8ba3ec2f3015f5d826e168186b9c86b7f6e2e4f0c6d2023816a42fa498e8
full,FULL_SEARCH_PHASE5_NOT_FINAL_DECISION,dc2_dch_family,dc2_fraig_cleanup,0d968b547c8f,true,false,strash; fraig; dc2; balance; rewrite -z; refactor -z; balance,default,,tc_public_17,small,93,6,0.265710,9.96484375,93,6,passed,ok,93,6,selected_raw,false,,false,,0,0,0,0,0.083035,0.062234,0.046808,0.192077,10.477,0.722883,1.051352,0,0,results\pipeline_search2\full\dc2_fraig_cleanup\tc_public_17\selected.blif,results\pipeline_search2\full\dc2_fraig_cleanup\tc_public_17\raw.candidate.blif,results\pipeline_search2\full\dc2_fraig_cleanup\tc_public_17\logs,ad93cd750693e9ff61b885983d3146eb4bdb8b78f5a474d295828e018bee38fe
full,FULL_SEARCH_PHASE5_NOT_FINAL_DECISION,dc2_dch_family,dc2_fraig_cleanup,0d968b547c8f,true,false,strash; fraig; dc2; balance; rewrite -z; refactor -z; balance,default,,tc_public_18,medium,498,12,0.469088,12.2578125,492,12,passed,ok,492,12,selected_raw,false,,false,,-6,0,-6,0,0.175274,0.084527,0.061677,0.321478,10.945,0.685326,0.892925,0,0,results\pipeline_search2\full\dc2_fraig_cleanup\tc_public_18\selected.blif,results\pipeline_search2\full\dc2_fraig_cleanup\tc_public_18\raw.candidate.blif,results\pipeline_search2\full\dc2_fraig_cleanup\tc_public_18\logs,91f420ecd2d6ce3bfd43e4954324da91cdf5394a1371dc84e98e4f91be4a98e1
full,FULL_SEARCH_PHASE5_NOT_FINAL_DECISION,dc2_dch_family,dc2_fraig_cleanup,0d968b547c8f,true,false,strash; fraig; dc2; balance; rewrite -z; refactor -z; balance,default,,tc_public_19,large,5304,18,1.905276,22.62890625,5238,18,passed,ok,5238,18,selected_raw,false,,false,,-66,0,-66,0,1.153046,0.458573,0.062126,1.673745,22.340,0.878479,0.987226,0,0,results\pipeline_search2\full\dc2_fraig_cleanup\tc_public_19\selected.blif,results\pipeline_search2\full\dc2_fraig_cleanup\tc_public_19\raw.candidate.blif,results\pipeline_search2\full\dc2_fraig_cleanup\tc_public_19\logs,7c813ec44c1bab65fdb64c93e5c0b71eb7e0e49c83c9e966c7c11e67eb479eaa
full,FULL_SEARCH_PHASE5_NOT_FINAL_DECISION,dc2_dch_family,dc2_fraig_cleanup,0d968b547c8f,true,false,strash; fraig; dc2; balance; rewrite -z; refactor -z; balance,default,,tc_public_2,tiny,19,4,0.299974,10.2578125,19,4,passed,ok,19,4,selected_raw,false,,false,,0,0,0,0,0.081918,0.084178,0.044882,0.210978,10.238,0.703322,0.998096,0,0,results\pipeline_search2\full\dc2_fraig_cleanup\tc_public_2\selected.blif,results\pipeline_search2\full\dc2_fraig_cleanup\tc_public_2\raw.candidate.blif,results\pipeline_search2\full\dc2_fraig_cleanup\tc_public_2\logs,e35d3a11128fbaf4a42bfbf689db617a11c1e894e78d34aaca6ebf6f2da7b518
full,FULL_SEARCH_PHASE5_NOT_FINAL_DECISION,dc2_dch_family,dc2_fraig_cleanup,0d968b547c8f,true,false,strash; fraig; dc2; balance; rewrite -z; refactor -z; balance,default,,tc_public_20,large,5559,20,1.988655,23.0625,5484,20,passed,ok,5484,20,selected_raw,false,,false,,-75,0,-75,0,1.281861,0.492500,0.079035,1.853396,22.430,0.931985,0.972561,0,0,results\pipeline_search2\full\dc2_fraig_cleanup\tc_public_20\selected.blif,results\pipeline_search2\full\dc2_fraig_cleanup\tc_public_20\raw.candidate.blif,results\pipeline_search2\full\dc2_fraig_cleanup\tc_public_20\logs,e06ff31399c1b1631c0da00ce559e6110e885636868f865060a9fc04f72f4dd9
full,FULL_SEARCH_PHASE5_NOT_FINAL_DECISION,dc2_dch_family,dc2_fraig_cleanup,0d968b547c8f,true,false,strash; fraig; dc2; balance; rewrite -z; refactor -z; balance,default,,tc_public_21,large,5577,20,1.987602,23.2890625,5496,20,passed,ok,5496,20,selected_raw,false,,false,,-81,0,-81,0,1.276596,0.515708,0.064408,1.856712,22.398,0.934147,0.961758,0,0,results\pipeline_search2\full\dc2_fraig_cleanup\tc_public_21\selected.blif,results\pipeline_search2\full\dc2_fraig_cleanup\tc_public_21\raw.candidate.blif,results\pipeline_search2\full\dc2_fraig_cleanup\tc_public_21\logs,7551f71f787be6940df7139f8abd7202942514165d1e33a1ebd9d574b5913c4c
full,FULL_SEARCH_PHASE5_NOT_FINAL_DECISION,dc2_dch_family,dc2_fraig_cleanup,0d968b547c8f,true,false,strash; fraig; dc2; balance; rewrite -z; refactor -z; balance,default,,tc_public_22,large,11067,20,3.665116,30.44140625,10836,20,passed,ok,10836,20,selected_raw,false,,false,,-231,0,-231,0,2.188754,0.972155,0.085866,3.246775,29.891,0.885859,0.981907,0,0,results\pipeline_search2\full\dc2_fraig_cleanup\tc_public_22\selected.blif,results\pipeline_search2\full\dc2_fraig_cleanup\tc_public_22\raw.candidate.blif,results\pipeline_search2\full\dc2_fraig_cleanup\tc_public_22\logs,cbf553ed17a9c3b6d95fe7d63f050d79722066a7a57f3e0df2120c50312ba37e
full,FULL_SEARCH_PHASE5_NOT_FINAL_DECISION,dc2_dch_family,dc2_fraig_cleanup,0d968b547c8f,true,false,strash; fraig; dc2; balance; rewrite -z; refactor -z; balance,default,,tc_public_23,medium,1530,16,0.312543,12.61328125,1530,16,passed,ok,1530,16,selected_raw,false,,false,,0,0,0,0,0.120382,0.084063,0.062042,0.266487,12.344,0.852641,0.978631,0,0,results\pipeline_search2\full\dc2_fraig_cleanup\tc_public_23\selected.blif,results\pipeline_search2\full\dc2_fraig_cleanup\tc_public_23\raw.candidate.blif,results\pipeline_search2\full\dc2_fraig_cleanup\tc_public_23\logs,6967eb56f3b49c8a08414dbd7c5725da5f3f1ba707752ef2988e2ba79b1a110b
full,FULL_SEARCH_PHASE5_NOT_FINAL_DECISION,dc2_dch_family,dc2_fraig_cleanup,0d968b547c8f,true,false,strash; fraig; dc2; balance; rewrite -z; refactor -z; balance,default,,tc_public_24,small,215,8,0.272149,10.12890625,215,8,passed,ok,215,8,selected_raw,false,,false,,0,0,0,0,0.082449,0.064525,0.061903,0.208877,10.719,0.767509,1.058234,0,0,results\pipeline_search2\full\dc2_fraig_cleanup\tc_public_24\selected.blif,results\pipeline_search2\full\dc2_fraig_cleanup\tc_public_24\raw.candidate.blif,results\pipeline_search2\full\dc2_fraig_cleanup\tc_public_24\logs,fb2be804c74c484451d81afa84bece571b7f382c60070d767ea1cc3f37ddc30d
full,FULL_SEARCH_PHASE5_NOT_FINAL_DECISION,dc2_dch_family,dc2_fraig_cleanup,0d968b547c8f,true,false,strash; fraig; dc2; balance; rewrite -z; refactor -z; balance,default,,tc_public_25,small,26,4,0.268111,10.13671875,26,4,passed,ok,26,4,selected_raw,false,,false,,0,0,0,0,0.082543,0.061916,0.061549,0.206008,10.520,0.768369,1.037765,0,0,results\pipeline_search2\full\dc2_fraig_cleanup\tc_public_25\selected.blif,results\pipeline_search2\full\dc2_fraig_cleanup\tc_public_25\raw.candidate.blif,results\pipeline_search2\full\dc2_fraig_cleanup\tc_public_25\logs,b8d78cf9569996e696e4af003655b57655ae7e048541089af83bbb4404322368
full,FULL_SEARCH_PHASE5_NOT_FINAL_DECISION,dc2_dch_family,dc2_fraig_cleanup,0d968b547c8f,true,false,strash; fraig; dc2; balance; rewrite -z; refactor -z; balance,default,,tc_public_26,medium,1048,10,0.337020,10.94140625,1036,10,passed,ok,1036,10,selected_raw,false,,false,,-12,0,-12,0,0.137623,0.101209,0.065827,0.304659,11.504,0.903978,1.051410,0,0,results\pipeline_search2\full\dc2_fraig_cleanup\tc_public_26\selected.blif,results\pipeline_search2\full\dc2_fraig_cleanup\tc_public_26\raw.candidate.blif,results\pipeline_search2\full\dc2_fraig_cleanup\tc_public_26\logs,d8e0b8024687f34d876cbe7c496be0fdddaa79a72a73858aacf1110e3a0c2064
full,FULL_SEARCH_PHASE5_NOT_FINAL_DECISION,dc2_dch_family,dc2_fraig_cleanup,0d968b547c8f,true,false,strash; fraig; dc2; balance; rewrite -z; refactor -z; balance,default,,tc_public_27,small,376,7,0.268204,10.40625,380,8,passed,ok,380,8,selected_raw,false,,false,,4,1,4,1,0.100979,0.060859,0.061129,0.222967,8.816,0.831335,0.847222,0,0,results\pipeline_search2\full\dc2_fraig_cleanup\tc_public_27\selected.blif,results\pipeline_search2\full\dc2_fraig_cleanup\tc_public_27\raw.candidate.blif,results\pipeline_search2\full\dc2_fraig_cleanup\tc_public_27\logs,0454c056a1c3377fc9678a3576cb82abd7fd122b16820660f88c91c893d3e5af
full,FULL_SEARCH_PHASE5_NOT_FINAL_DECISION,dc2_dch_family,dc2_fraig_cleanup,0d968b547c8f,true,false,strash; fraig; dc2; balance; rewrite -z; refactor -z; balance,default,,tc_public_28,small,520,7,0.260640,10.2890625,524,8,passed,ok,524,8,selected_raw,false,,false,,4,1,4,1,0.098376,0.062530,0.071723,0.232629,10.398,0.892528,1.010630,0,0,results\pipeline_search2\full\dc2_fraig_cleanup\tc_public_28\selected.blif,results\pipeline_search2\full\dc2_fraig_cleanup\tc_public_28\raw.candidate.blif,results\pipeline_search2\full\dc2_fraig_cleanup\tc_public_28\logs,012de2c31ab587fbea31d9d503b8f835d971db8a5a8f6a1a8542d4bb22d555a6
full,FULL_SEARCH_PHASE5_NOT_FINAL_DECISION,dc2_dch_family,dc2_fraig_cleanup,0d968b547c8f,true,false,strash; fraig; dc2; balance; rewrite -z; refactor -z; balance,default,,tc_public_29,small,109,7,0.275448,10.00390625,109,7,passed,ok,109,7,selected_raw,false,,false,,0,0,0,0,0.088501,0.066566,0.063306,0.218373,10.645,0.792792,1.064037,0,0,results\pipeline_search2\full\dc2_fraig_cleanup\tc_public_29\selected.blif,results\pipeline_search2\full\dc2_fraig_cleanup\tc_public_29\raw.candidate.blif,results\pipeline_search2\full\dc2_fraig_cleanup\tc_public_29\logs,2c521ee37795109cd761b93191149e1f3401c6e707f2bd3f1d9b230abd308808
full,FULL_SEARCH_PHASE5_NOT_FINAL_DECISION,dc2_dch_family,dc2_fraig_cleanup,0d968b547c8f,true,false,strash; fraig; dc2; balance; rewrite -z; refactor -z; balance,default,,tc_public_3,tiny,109,8,0.299433,10.33203125,124,8,passed,ok,124,8,selected_raw,false,,false,,15,0,15,0,0.085773,0.084175,0.062848,0.232796,10.348,0.777457,1.001512,0,0,results\pipeline_search2\full\dc2_fraig_cleanup\tc_public_3\selected.blif,results\pipeline_search2\full\dc2_fraig_cleanup\tc_public_3\raw.candidate.blif,results\pipeline_search2\full\dc2_fraig_cleanup\tc_public_3\logs,d5dafbc7a05ce09879c5a39148d9e135bc4f6f15a73a239df9adf231c68d7a53
full,FULL_SEARCH_PHASE5_NOT_FINAL_DECISION,dc2_dch_family,dc2_fraig_cleanup,0d968b547c8f,true,false,strash; fraig; dc2; balance; rewrite -z; refactor -z; balance,default,,tc_public_30,large,6613,21,2.162263,31.3046875,7347,21,passed,metric_regression,6613,21,fallback_current_final,true,metric_regression: nodes_worse:734,true,nodes_worse:734,734,0,0,0,0.555144,1.370941,0.062869,1.988954,31.016,0.919848,0.990766,0,0,results\pipeline_search2\full\dc2_fraig_cleanup\tc_public_30\selected.blif,results\pipeline_search2\full\dc2_fraig_cleanup\tc_public_30\raw.candidate.blif,results\pipeline_search2\full\dc2_fraig_cleanup\tc_public_30\logs,2f16ee4ae6805d0fd2073f4c1ca2474f4e2c166feed315db80981928083cc9be
full,FULL_SEARCH_PHASE5_NOT_FINAL_DECISION,dc2_dch_family,dc2_fraig_cleanup,0d968b547c8f,true,false,strash; fraig; dc2; balance; rewrite -z; refactor -z; balance,default,,tc_public_4,tiny,69,8,0.331617,10.35546875,106,10,passed,metric_regression,69,8,fallback_current_final,true,metric_regression: nodes_worse:37,true,nodes_worse:37,37,2,0,0,0.081148,0.098181,0.062511,0.241840,9.969,0.729275,0.962656,0,0,results\pipeline_search2\full\dc2_fraig_cleanup\tc_public_4\selected.blif,results\pipeline_search2\full\dc2_fraig_cleanup\tc_public_4\raw.candidate.blif,results\pipeline_search2\full\dc2_fraig_cleanup\tc_public_4\logs,5666e6b5f39893983d4b9ac13e1d6cb74795983859ac4d51b2b67d582d05d955
full,FULL_SEARCH_PHASE5_NOT_FINAL_DECISION,dc2_dch_family,dc2_fraig_cleanup,0d968b547c8f,true,false,strash; fraig; dc2; balance; rewrite -z; refactor -z; balance,default,,tc_public_5,small,65,2,0.301763,10.39453125,65,2,passed,ok,65,2,selected_raw,false,,false,,0,0,0,0,0.081607,0.062911,0.061674,0.206192,10.957,0.683292,1.054115,0,0,results\pipeline_search2\full\dc2_fraig_cleanup\tc_public_5\selected.blif,results\pipeline_search2\full\dc2_fraig_cleanup\tc_public_5\raw.candidate.blif,results\pipeline_search2\full\dc2_fraig_cleanup\tc_public_5\logs,13b763856a9c8c5950eeb0ac4cfff19eea394cac218bc36d3818641115c65b44
full,FULL_SEARCH_PHASE5_NOT_FINAL_DECISION,dc2_dch_family,dc2_fraig_cleanup,0d968b547c8f,true,false,strash; fraig; dc2; balance; rewrite -z; refactor -z; balance,default,,tc_public_6,small,162,4,0.311217,10.6171875,162,4,passed,ok,162,4,selected_raw,false,,false,,0,0,0,0,0.080663,0.082892,0.061654,0.225209,10.590,0.723639,0.997425,0,0,results\pipeline_search2\full\dc2_fraig_cleanup\tc_public_6\selected.blif,results\pipeline_search2\full\dc2_fraig_cleanup\tc_public_6\raw.candidate.blif,results\pipeline_search2\full\dc2_fraig_cleanup\tc_public_6\logs,8c2b578f807e783fc11f0b6fb8d23180bcdd06cd22aa3bcdc0c8520ab7f86623
full,FULL_SEARCH_PHASE5_NOT_FINAL_DECISION,dc2_dch_family,dc2_fraig_cleanup,0d968b547c8f,true,false,strash; fraig; dc2; balance; rewrite -z; refactor -z; balance,default,,tc_public_7,small,252,3,0.270967,10.65234375,252,3,passed,ok,252,3,selected_raw,false,,false,,0,0,0,0,0.083484,0.083308,0.061880,0.228672,10.660,0.843912,1.000733,0,0,results\pipeline_search2\full\dc2_fraig_cleanup\tc_public_7\selected.blif,results\pipeline_search2\full\dc2_fraig_cleanup\tc_public_7\raw.candidate.blif,results\pipeline_search2\full\dc2_fraig_cleanup\tc_public_7\logs,3017cd211759cc6b59a3e32570920dd865bd4081805d6a407941907474b0d9e7
full,FULL_SEARCH_PHASE5_NOT_FINAL_DECISION,dc2_dch_family,dc2_fraig_cleanup,0d968b547c8f,true,false,strash; fraig; dc2; balance; rewrite -z; refactor -z; balance,default,,tc_public_8,small,193,3,0.307302,10.578125,192,4,passed,ok,192,4,selected_raw,false,,false,,-1,1,-1,1,0.081279,0.083506,0.078349,0.243134,10.609,0.791190,1.002954,0,0,results\pipeline_search2\full\dc2_fraig_cleanup\tc_public_8\selected.blif,results\pipeline_search2\full\dc2_fraig_cleanup\tc_public_8\raw.candidate.blif,results\pipeline_search2\full\dc2_fraig_cleanup\tc_public_8\logs,86e3bd6b062830f1b8e0514c5ab2cdc98685cf5b92648f26943c55e17297a147
full,FULL_SEARCH_PHASE5_NOT_FINAL_DECISION,dc2_dch_family,dc2_fraig_cleanup,0d968b547c8f,true,false,strash; fraig; dc2; balance; rewrite -z; refactor -z; balance,default,,tc_public_9,tiny,224,5,0.284901,10.55859375,224,5,passed,ok,224,5,selected_raw,false,,false,,0,0,0,0,0.093511,0.082313,0.060569,0.236393,10.559,0.829736,1.000000,0,0,results\pipeline_search2\full\dc2_fraig_cleanup\tc_public_9\selected.blif,results\pipeline_search2\full\dc2_fraig_cleanup\tc_public_9\raw.candidate.blif,results\pipeline_search2\full\dc2_fraig_cleanup\tc_public_9\logs,03a4dc8870f79eb9a22e4ecb61f843d7c179e3749a4a7acaf762ef180a771ea8
full,FULL_SEARCH_PHASE5_NOT_FINAL_DECISION,dc2_dch_family,dc2_ifraig_cleanup,4f9d4e9a8b22,true,false,strash; ifraig; dc2; balance; rewrite -z; refactor -z; balance,default,,tc_public_1,tiny,103,10,0.299524,10.1328125,124,9,passed,ok,124,9,selected_raw,false,,false,,21,-1,21,-1,0.081381,0.101378,0.075782,0.258541,9.922,0.863173,0.979183,0,0,results\pipeline_search2\full\dc2_ifraig_cleanup\tc_public_1\selected.blif,results\pipeline_search2\full\dc2_ifraig_cleanup\tc_public_1\raw.candidate.blif,results\pipeline_search2\full\dc2_ifraig_cleanup\tc_public_1\logs,c225cba18b4974042a9e6cda6031e2334586d9bd4b620ced4b76a830cb4541a8
full,FULL_SEARCH_PHASE5_NOT_FINAL_DECISION,dc2_dch_family,dc2_ifraig_cleanup,4f9d4e9a8b22,true,false,strash; ifraig; dc2; balance; rewrite -z; refactor -z; balance,default,,tc_public_10,small,161,4,0.257631,10.39453125,161,4,passed,ok,161,4,selected_raw,false,,false,,0,0,0,0,0.083811,0.061699,0.045143,0.190653,10.934,0.740024,1.051860,0,0,results\pipeline_search2\full\dc2_ifraig_cleanup\tc_public_10\selected.blif,results\pipeline_search2\full\dc2_ifraig_cleanup\tc_public_10\raw.candidate.blif,results\pipeline_search2\full\dc2_ifraig_cleanup\tc_public_10\logs,34db5aa3bd1538cfc60c6243e69e6451790858c401e73c7ef8d2595fb3f5f3f2
full,FULL_SEARCH_PHASE5_NOT_FINAL_DECISION,dc2_dch_family,dc2_ifraig_cleanup,4f9d4e9a8b22,true,false,strash; ifraig; dc2; balance; rewrite -z; refactor -z; balance,default,,tc_public_11,medium,328,7,0.286706,10.80859375,328,7,passed,ok,328,7,selected_raw,false,,false,,0,0,0,0,0.100569,0.083155,0.060947,0.244671,10.703,0.853387,0.990242,0,0,results\pipeline_search2\full\dc2_ifraig_cleanup\tc_public_11\selected.blif,results\pipeline_search2\full\dc2_ifraig_cleanup\tc_public_11\raw.candidate.blif,results\pipeline_search2\full\dc2_ifraig_cleanup\tc_public_11\logs,9f05ba2325ce76cf530acded833aecf68b246bc508daee9e7502fce68b9996b1
full,FULL_SEARCH_PHASE5_NOT_FINAL_DECISION,dc2_dch_family,dc2_ifraig_cleanup,4f9d4e9a8b22,true,false,strash; ifraig; dc2; balance; rewrite -z; refactor -z; balance,default,,tc_public_12,medium,1385,13,0.346738,13.5625,1370,14,passed,ok,1370,14,selected_raw,false,,false,,-15,1,-15,1,0.120522,0.103496,0.061046,0.285064,11.867,0.822132,0.875000,0,0,results\pipeline_search2\full\dc2_ifraig_cleanup\tc_public_12\selected.blif,results\pipeline_search2\full\dc2_ifraig_cleanup\tc_public_12\raw.candidate.blif,results\pipeline_search2\full\dc2_ifraig_cleanup\tc_public_12\logs,861fcaff7f4d28758ab8bdd074f59a20fb0fb06b373a0f242090eab9d78fe110
full,FULL_SEARCH_PHASE5_NOT_FINAL_DECISION,dc2_dch_family,dc2_ifraig_cleanup,4f9d4e9a8b22,true,false,strash; ifraig; dc2; balance; rewrite -z; refactor -z; balance,default,,tc_public_13,small,1058,13,0.421358,15.734375,1058,13,passed,ok,1058,13,selected_raw,false,,false,,0,0,0,0,0.121403,0.196544,0.063391,0.381338,16.676,0.905021,1.059831,0,0,results\pipeline_search2\full\dc2_ifraig_cleanup\tc_public_13\selected.blif,results\pipeline_search2\full\dc2_ifraig_cleanup\tc_public_13\raw.candidate.blif,results\pipeline_search2\full\dc2_ifraig_cleanup\tc_public_13\logs,3e9288ce7c3ab1b997aee8525c1430893f801218e967a2a0e89c6d746b846047
full,FULL_SEARCH_PHASE5_NOT_FINAL_DECISION,dc2_dch_family,dc2_ifraig_cleanup,4f9d4e9a8b22,true,false,strash; ifraig; dc2; balance; rewrite -z; refactor -z; balance,default,,tc_public_14,large,3703,25,0.586281,19.07421875,2271,17,passed,ok,2271,17,selected_raw,false,,false,,-1432,-8,-1432,-8,0.421651,0.139212,0.063873,0.624736,18.012,1.065591,0.944297,0,0,results\pipeline_search2\full\dc2_ifraig_cleanup\tc_public_14\selected.blif,results\pipeline_search2\full\dc2_ifraig_cleanup\tc_public_14\raw.candidate.blif,results\pipeline_search2\full\dc2_ifraig_cleanup\tc_public_14\logs,357ef8d1cb4b05a7549d0f2b1c228450e6fefeb7ed718008eb0bc194bcb31018
full,FULL_SEARCH_PHASE5_NOT_FINAL_DECISION,dc2_dch_family,dc2_ifraig_cleanup,4f9d4e9a8b22,true,false,strash; ifraig; dc2; balance; rewrite -z; refactor -z; balance,default,,tc_public_15,small,927,11,0.323562,10.890625,926,11,passed,ok,926,11,selected_raw,false,,false,,-1,0,-1,0,0.101217,0.083920,0.060723,0.245860,10.762,0.759854,0.988164,0,0,results\pipeline_search2\full\dc2_ifraig_cleanup\tc_public_15\selected.blif,results\pipeline_search2\full\dc2_ifraig_cleanup\tc_public_15\raw.candidate.blif,results\pipeline_search2\full\dc2_ifraig_cleanup\tc_public_15\logs,da16b3f062a75c6c07858f102601be61c5b10a90bd1110db48e3e29c751337bc
full,FULL_SEARCH_PHASE5_NOT_FINAL_DECISION,dc2_dch_family,dc2_ifraig_cleanup,4f9d4e9a8b22,true,false,strash; ifraig; dc2; balance; rewrite -z; refactor -z; balance,default,,tc_public_16,tiny,45,6,0.251822,9.9296875,45,6,passed,ok,45,6,selected_raw,false,,false,,0,0,0,0,0.084792,0.062932,0.062255,0.209979,10.309,0.833841,1.038159,0,0,results\pipeline_search2\full\dc2_ifraig_cleanup\tc_public_16\selected.blif,results\pipeline_search2\full\dc2_ifraig_cleanup\tc_public_16\raw.candidate.blif,results\pipeline_search2\full\dc2_ifraig_cleanup\tc_public_16\logs,83223c22f12ccdf75906a8fa3ce1f0f16418cdc6ca34a4170fc0836a7c1584fd
full,FULL_SEARCH_PHASE5_NOT_FINAL_DECISION,dc2_dch_family,dc2_ifraig_cleanup,4f9d4e9a8b22,true,false,strash; ifraig; dc2; balance; rewrite -z; refactor -z; balance,default,,tc_public_17,small,93,6,0.265710,9.96484375,93,6,passed,ok,93,6,selected_raw,false,,false,,0,0,0,0,0.082665,0.061998,0.066132,0.210795,10.051,0.793329,1.008624,0,0,results\pipeline_search2\full\dc2_ifraig_cleanup\tc_public_17\selected.blif,results\pipeline_search2\full\dc2_ifraig_cleanup\tc_public_17\raw.candidate.blif,results\pipeline_search2\full\dc2_ifraig_cleanup\tc_public_17\logs,678a9f3e4ca5678546003328711202e5c8bf7b9a7527d9b4452e36c54ab4bf41
full,FULL_SEARCH_PHASE5_NOT_FINAL_DECISION,dc2_dch_family,dc2_ifraig_cleanup,4f9d4e9a8b22,true,false,strash; ifraig; dc2; balance; rewrite -z; refactor -z; balance,default,,tc_public_18,medium,498,12,0.469088,12.2578125,492,12,passed,ok,492,12,selected_raw,false,,false,,-6,0,-6,0,0.174238,0.081379,0.060778,0.316395,11.098,0.674490,0.905354,0,0,results\pipeline_search2\full\dc2_ifraig_cleanup\tc_public_18\selected.blif,results\pipeline_search2\full\dc2_ifraig_cleanup\tc_public_18\raw.candidate.blif,results\pipeline_search2\full\dc2_ifraig_cleanup\tc_public_18\logs,97a9001aa2c854d9ac1e2ada3674780cd27be82cd7b14db017e0df90bcd42ef4
full,FULL_SEARCH_PHASE5_NOT_FINAL_DECISION,dc2_dch_family,dc2_ifraig_cleanup,4f9d4e9a8b22,true,false,strash; ifraig; dc2; balance; rewrite -z; refactor -z; balance,default,,tc_public_19,large,5304,18,1.905276,22.62890625,5238,18,passed,ok,5238,18,selected_raw,false,,false,,-66,0,-66,0,1.162719,0.444098,0.060998,1.667815,22.117,0.875366,0.977387,0,0,results\pipeline_search2\full\dc2_ifraig_cleanup\tc_public_19\selected.blif,results\pipeline_search2\full\dc2_ifraig_cleanup\tc_public_19\raw.candidate.blif,results\pipeline_search2\full\dc2_ifraig_cleanup\tc_public_19\logs,40cd9e2e6416f54cd98533604dc2671633a627ac771b2f8630399f666241316a
full,FULL_SEARCH_PHASE5_NOT_FINAL_DECISION,dc2_dch_family,dc2_ifraig_cleanup,4f9d4e9a8b22,true,false,strash; ifraig; dc2; balance; rewrite -z; refactor -z; balance,default,,tc_public_2,tiny,19,4,0.299974,10.2578125,19,4,passed,ok,19,4,selected_raw,false,,false,,0,0,0,0,0.084167,0.100149,0.044596,0.228912,10.234,0.763107,0.997715,0,0,results\pipeline_search2\full\dc2_ifraig_cleanup\tc_public_2\selected.blif,results\pipeline_search2\full\dc2_ifraig_cleanup\tc_public_2\raw.candidate.blif,results\pipeline_search2\full\dc2_ifraig_cleanup\tc_public_2\logs,71d6ddeec21765b8acb2a102f5d25cba00ee0c8d29551276251c9afcf06d3b3b
full,FULL_SEARCH_PHASE5_NOT_FINAL_DECISION,dc2_dch_family,dc2_ifraig_cleanup,4f9d4e9a8b22,true,false,strash; ifraig; dc2; balance; rewrite -z; refactor -z; balance,default,,tc_public_20,large,5559,20,1.988655,23.0625,5484,20,passed,ok,5484,20,selected_raw,false,,false,,-75,0,-75,0,1.262628,0.528374,0.063606,1.854608,23.098,0.932594,1.001524,0,0,results\pipeline_search2\full\dc2_ifraig_cleanup\tc_public_20\selected.blif,results\pipeline_search2\full\dc2_ifraig_cleanup\tc_public_20\raw.candidate.blif,results\pipeline_search2\full\dc2_ifraig_cleanup\tc_public_20\logs,259836698fa087a66d310fc30e19bfd689abef6d15644fd6164bb1a6852ce412
full,FULL_SEARCH_PHASE5_NOT_FINAL_DECISION,dc2_dch_family,dc2_ifraig_cleanup,4f9d4e9a8b22,true,false,strash; ifraig; dc2; balance; rewrite -z; refactor -z; balance,default,,tc_public_21,large,5577,20,1.987602,23.2890625,5496,20,passed,ok,5496,20,selected_raw,false,,false,,-81,0,-81,0,1.271517,0.483910,0.067830,1.823257,22.637,0.917315,0.971989,0,0,results\pipeline_search2\full\dc2_ifraig_cleanup\tc_public_21\selected.blif,results\pipeline_search2\full\dc2_ifraig_cleanup\tc_public_21\raw.candidate.blif,results\pipeline_search2\full\dc2_ifraig_cleanup\tc_public_21\logs,3a9c399b911dc52e35f7d4ecd16882729a77a8d6f1063dee1870bb1b82223554
full,FULL_SEARCH_PHASE5_NOT_FINAL_DECISION,dc2_dch_family,dc2_ifraig_cleanup,4f9d4e9a8b22,true,false,strash; ifraig; dc2; balance; rewrite -z; refactor -z; balance,default,,tc_public_22,large,11067,20,3.665116,30.44140625,10836,20,passed,ok,10836,20,selected_raw,false,,false,,-231,0,-231,0,2.150194,0.949462,0.082834,3.182490,30.301,0.868319,0.995380,0,0,results\pipeline_search2\full\dc2_ifraig_cleanup\tc_public_22\selected.blif,results\pipeline_search2\full\dc2_ifraig_cleanup\tc_public_22\raw.candidate.blif,results\pipeline_search2\full\dc2_ifraig_cleanup\tc_public_22\logs,2005706a6aefcd29a0658cfff348bf04a93f1b60b42a8dbd1baaf8d1bb79511b
full,FULL_SEARCH_PHASE5_NOT_FINAL_DECISION,dc2_dch_family,dc2_ifraig_cleanup,4f9d4e9a8b22,true,false,strash; ifraig; dc2; balance; rewrite -z; refactor -z; balance,default,,tc_public_23,medium,1530,16,0.312543,12.61328125,1530,16,passed,ok,1530,16,selected_raw,false,,false,,0,0,0,0,0.118385,0.101674,0.064264,0.284323,12.238,0.909708,0.970269,0,0,results\pipeline_search2\full\dc2_ifraig_cleanup\tc_public_23\selected.blif,results\pipeline_search2\full\dc2_ifraig_cleanup\tc_public_23\raw.candidate.blif,results\pipeline_search2\full\dc2_ifraig_cleanup\tc_public_23\logs,7e8aa063211a18fb86fe1b654f79bcffd6ffe69ec81ab64971d1762ae74ca473
full,FULL_SEARCH_PHASE5_NOT_FINAL_DECISION,dc2_dch_family,dc2_ifraig_cleanup,4f9d4e9a8b22,true,false,strash; ifraig; dc2; balance; rewrite -z; refactor -z; balance,default,,tc_public_24,small,215,8,0.272149,10.12890625,215,8,passed,ok,215,8,selected_raw,false,,false,,0,0,0,0,0.082247,0.063111,0.072837,0.218195,10.305,0.801748,1.017354,0,0,results\pipeline_search2\full\dc2_ifraig_cleanup\tc_public_24\selected.blif,results\pipeline_search2\full\dc2_ifraig_cleanup\tc_public_24\raw.candidate.blif,results\pipeline_search2\full\dc2_ifraig_cleanup\tc_public_24\logs,4711e6067672e140f1b2157580f0a8347e6279e23dc6ddf79f2c6ec09f187d5f
full,FULL_SEARCH_PHASE5_NOT_FINAL_DECISION,dc2_dch_family,dc2_ifraig_cleanup,4f9d4e9a8b22,true,false,strash; ifraig; dc2; balance; rewrite -z; refactor -z; balance,default,,tc_public_25,small,26,4,0.268111,10.13671875,26,4,passed,ok,26,4,selected_raw,false,,false,,0,0,0,0,0.089362,0.062273,0.060775,0.212410,10.523,0.792247,1.038150,0,0,results\pipeline_search2\full\dc2_ifraig_cleanup\tc_public_25\selected.blif,results\pipeline_search2\full\dc2_ifraig_cleanup\tc_public_25\raw.candidate.blif,results\pipeline_search2\full\dc2_ifraig_cleanup\tc_public_25\logs,2a9c20ca72eecc596930d972afe6d569e53966445d05e08b42a43869d194cc52
full,FULL_SEARCH_PHASE5_NOT_FINAL_DECISION,dc2_dch_family,dc2_ifraig_cleanup,4f9d4e9a8b22,true,false,strash; ifraig; dc2; balance; rewrite -z; refactor -z; balance,default,,tc_public_26,medium,1048,10,0.337020,10.94140625,1036,10,passed,ok,1036,10,selected_raw,false,,false,,-12,0,-12,0,0.117954,0.098335,0.063637,0.279926,11.500,0.830591,1.051053,0,0,results\pipeline_search2\full\dc2_ifraig_cleanup\tc_public_26\selected.blif,results\pipeline_search2\full\dc2_ifraig_cleanup\tc_public_26\raw.candidate.blif,results\pipeline_search2\full\dc2_ifraig_cleanup\tc_public_26\logs,4aa95076f30a51808e2d5eab7d1513c0f5087c9497f4bb8d09b302c97993f704
full,FULL_SEARCH_PHASE5_NOT_FINAL_DECISION,dc2_dch_family,dc2_ifraig_cleanup,4f9d4e9a8b22,true,false,strash; ifraig; dc2; balance; rewrite -z; refactor -z; balance,default,,tc_public_27,small,376,7,0.268204,10.40625,380,8,passed,ok,380,8,selected_raw,false,,false,,4,1,4,1,0.099269,0.062826,0.062199,0.224294,10.727,0.836283,1.030781,0,0,results\pipeline_search2\full\dc2_ifraig_cleanup\tc_public_27\selected.blif,results\pipeline_search2\full\dc2_ifraig_cleanup\tc_public_27\raw.candidate.blif,results\pipeline_search2\full\dc2_ifraig_cleanup\tc_public_27\logs,bc467984e604a23027e0b71b8b367451a6f9197be3dd5181ac9fef960e1f5206
full,FULL_SEARCH_PHASE5_NOT_FINAL_DECISION,dc2_dch_family,dc2_ifraig_cleanup,4f9d4e9a8b22,true,false,strash; ifraig; dc2; balance; rewrite -z; refactor -z; balance,default,,tc_public_28,small,520,7,0.260640,10.2890625,524,8,passed,ok,524,8,selected_raw,false,,false,,4,1,4,1,0.101223,0.082644,0.066230,0.250097,12.645,0.959548,1.228929,0,0,results\pipeline_search2\full\dc2_ifraig_cleanup\tc_public_28\selected.blif,results\pipeline_search2\full\dc2_ifraig_cleanup\tc_public_28\raw.candidate.blif,results\pipeline_search2\full\dc2_ifraig_cleanup\tc_public_28\logs,4fb55722741a041821891c00f9de683daf3ffb2170b5ee6aa25a91ec0797bd31
full,FULL_SEARCH_PHASE5_NOT_FINAL_DECISION,dc2_dch_family,dc2_ifraig_cleanup,4f9d4e9a8b22,true,false,strash; ifraig; dc2; balance; rewrite -z; refactor -z; balance,default,,tc_public_29,small,109,7,0.275448,10.00390625,109,7,passed,ok,109,7,selected_raw,false,,false,,0,0,0,0,0.083436,0.063475,0.061790,0.208701,10.102,0.757678,1.009762,0,0,results\pipeline_search2\full\dc2_ifraig_cleanup\tc_public_29\selected.blif,results\pipeline_search2\full\dc2_ifraig_cleanup\tc_public_29\raw.candidate.blif,results\pipeline_search2\full\dc2_ifraig_cleanup\tc_public_29\logs,085894dd6b31554c6db62c94bc896f33460690d2e4db6eaef2ce3a1b522fc4ea
full,FULL_SEARCH_PHASE5_NOT_FINAL_DECISION,dc2_dch_family,dc2_ifraig_cleanup,4f9d4e9a8b22,true,false,strash; ifraig; dc2; balance; rewrite -z; refactor -z; balance,default,,tc_public_3,tiny,109,8,0.299433,10.33203125,124,8,passed,ok,124,8,selected_raw,false,,false,,15,0,15,0,0.083448,0.083960,0.063553,0.230961,10.332,0.771328,1.000000,0,0,results\pipeline_search2\full\dc2_ifraig_cleanup\tc_public_3\selected.blif,results\pipeline_search2\full\dc2_ifraig_cleanup\tc_public_3\raw.candidate.blif,results\pipeline_search2\full\dc2_ifraig_cleanup\tc_public_3\logs,1d3246b875299c06d07c4c5bbfcf842da3f58ed16d60fba7afc6df25288fcc9d
full,FULL_SEARCH_PHASE5_NOT_FINAL_DECISION,dc2_dch_family,dc2_ifraig_cleanup,4f9d4e9a8b22,true,false,strash; ifraig; dc2; balance; rewrite -z; refactor -z; balance,default,,tc_public_30,large,6613,21,2.162263,31.3046875,7347,21,passed,metric_regression,6613,21,fallback_current_final,true,metric_regression: nodes_worse:734,true,nodes_worse:734,734,0,0,0,0.497420,1.348904,0.062714,1.909038,31.344,0.882889,1.001248,0,0,results\pipeline_search2\full\dc2_ifraig_cleanup\tc_public_30\selected.blif,results\pipeline_search2\full\dc2_ifraig_cleanup\tc_public_30\raw.candidate.blif,results\pipeline_search2\full\dc2_ifraig_cleanup\tc_public_30\logs,93e9424f66a193cfd79f74041de2be3512c2022998f71d7495175e9386190055
full,FULL_SEARCH_PHASE5_NOT_FINAL_DECISION,dc2_dch_family,dc2_ifraig_cleanup,4f9d4e9a8b22,true,false,strash; ifraig; dc2; balance; rewrite -z; refactor -z; balance,default,,tc_public_4,tiny,69,8,0.331617,10.35546875,106,10,passed,metric_regression,69,8,fallback_current_final,true,metric_regression: nodes_worse:37,true,nodes_worse:37,37,2,0,0,0.105668,0.083496,0.060559,0.249723,10.332,0.753047,0.997737,0,0,results\pipeline_search2\full\dc2_ifraig_cleanup\tc_public_4\selected.blif,results\pipeline_search2\full\dc2_ifraig_cleanup\tc_public_4\raw.candidate.blif,results\pipeline_search2\full\dc2_ifraig_cleanup\tc_public_4\logs,da8f5f8133b791e0997f4482ff985f98939856e1fe1ff2e4a68d8f190a048911
full,FULL_SEARCH_PHASE5_NOT_FINAL_DECISION,dc2_dch_family,dc2_ifraig_cleanup,4f9d4e9a8b22,true,false,strash; ifraig; dc2; balance; rewrite -z; refactor -z; balance,default,,tc_public_5,small,65,2,0.301763,10.39453125,65,2,passed,ok,65,2,selected_raw,false,,false,,0,0,0,0,0.080844,0.062516,0.083194,0.226554,10.969,0.750768,1.055242,0,0,results\pipeline_search2\full\dc2_ifraig_cleanup\tc_public_5\selected.blif,results\pipeline_search2\full\dc2_ifraig_cleanup\tc_public_5\raw.candidate.blif,results\pipeline_search2\full\dc2_ifraig_cleanup\tc_public_5\logs,6cd726b4ba8211fbb853d72b32a10dde36a278efde87ab1c707bafa9af371f3b
full,FULL_SEARCH_PHASE5_NOT_FINAL_DECISION,dc2_dch_family,dc2_ifraig_cleanup,4f9d4e9a8b22,true,false,strash; ifraig; dc2; balance; rewrite -z; refactor -z; balance,default,,tc_public_6,small,162,4,0.311217,10.6171875,162,4,passed,ok,162,4,selected_raw,false,,false,,0,0,0,0,0.081748,0.103598,0.060456,0.245802,10.590,0.789808,0.997425,0,0,results\pipeline_search2\full\dc2_ifraig_cleanup\tc_public_6\selected.blif,results\pipeline_search2\full\dc2_ifraig_cleanup\tc_public_6\raw.candidate.blif,results\pipeline_search2\full\dc2_ifraig_cleanup\tc_public_6\logs,5fed1271306c1dfb15eaa6ae7b5aa343b69f1ebb7a3952cc3af4ad76cbb1f656
full,FULL_SEARCH_PHASE5_NOT_FINAL_DECISION,dc2_dch_family,dc2_ifraig_cleanup,4f9d4e9a8b22,true,false,strash; ifraig; dc2; balance; rewrite -z; refactor -z; balance,default,,tc_public_7,small,252,3,0.270967,10.65234375,252,3,passed,ok,252,3,selected_raw,false,,false,,0,0,0,0,0.098364,0.084496,0.066644,0.249504,10.629,0.920792,0.997800,0,0,results\pipeline_search2\full\dc2_ifraig_cleanup\tc_public_7\selected.blif,results\pipeline_search2\full\dc2_ifraig_cleanup\tc_public_7\raw.candidate.blif,results\pipeline_search2\full\dc2_ifraig_cleanup\tc_public_7\logs,03d1ef50ed4a93da83a1d79df43df54ff793ac4e0b0708d10dbb28082b56d31e
full,FULL_SEARCH_PHASE5_NOT_FINAL_DECISION,dc2_dch_family,dc2_ifraig_cleanup,4f9d4e9a8b22,true,false,strash; ifraig; dc2; balance; rewrite -z; refactor -z; balance,default,,tc_public_8,small,193,3,0.307302,10.578125,192,4,passed,ok,192,4,selected_raw,false,,false,,-1,1,-1,1,0.083873,0.103460,0.065552,0.252885,10.070,0.822921,0.951994,0,0,results\pipeline_search2\full\dc2_ifraig_cleanup\tc_public_8\selected.blif,results\pipeline_search2\full\dc2_ifraig_cleanup\tc_public_8\raw.candidate.blif,results\pipeline_search2\full\dc2_ifraig_cleanup\tc_public_8\logs,7f4520218c9438f01f12db5218be2381967f59fe80728553037c7ab21120cc40
full,FULL_SEARCH_PHASE5_NOT_FINAL_DECISION,dc2_dch_family,dc2_ifraig_cleanup,4f9d4e9a8b22,true,false,strash; ifraig; dc2; balance; rewrite -z; refactor -z; balance,default,,tc_public_9,tiny,224,5,0.284901,10.55859375,224,5,passed,ok,224,5,selected_raw,false,,false,,0,0,0,0,0.084134,0.098639,0.062628,0.245401,10.027,0.861354,0.949686,0,0,results\pipeline_search2\full\dc2_ifraig_cleanup\tc_public_9\selected.blif,results\pipeline_search2\full\dc2_ifraig_cleanup\tc_public_9\raw.candidate.blif,results\pipeline_search2\full\dc2_ifraig_cleanup\tc_public_9\logs,f19fb25743e2f528e1d1677c55894ca5981ff3cee6db5d9daae7719c2032d7e2
full,FULL_SEARCH_PHASE5_NOT_FINAL_DECISION,high_effort_small_case_family,high_aig_three_round,6048dd34878c,false,true,strash; balance; rewrite -z; refactor -z; balance; resub -z; rewrite -z; refactor -z; dc2; balance; rewrite -z; refactor -z; balance,small_medium_high_effort,,tc_public_1,tiny,103,10,0.299524,10.1328125,117,8,passed,ok,117,8,selected_raw,false,,false,,14,-2,14,-2,0.102528,0.082996,0.062664,0.248188,10.340,0.828608,1.020432,0,0,results\pipeline_search2\full\high_aig_three_round\tc_public_1\selected.blif,results\pipeline_search2\full\high_aig_three_round\tc_public_1\raw.candidate.blif,results\pipeline_search2\full\high_aig_three_round\tc_public_1\logs,5688a781329735fb817f44f2452236bcd5c8f6fac0e8e8fc1005498f03e1274f
full,FULL_SEARCH_PHASE5_NOT_FINAL_DECISION,high_effort_small_case_family,high_aig_three_round,6048dd34878c,false,true,strash; balance; rewrite -z; refactor -z; balance; resub -z; rewrite -z; refactor -z; dc2; balance; rewrite -z; refactor -z; balance,small_medium_high_effort,,tc_public_10,small,161,4,0.257631,10.39453125,161,4,passed,ok,161,4,selected_raw,false,,false,,0,0,0,0,0.083619,0.062876,0.062004,0.208499,10.379,0.809294,0.998497,0,0,results\pipeline_search2\full\high_aig_three_round\tc_public_10\selected.blif,results\pipeline_search2\full\high_aig_three_round\tc_public_10\raw.candidate.blif,results\pipeline_search2\full\high_aig_three_round\tc_public_10\logs,14c82f70aef9b70764ed7380f3b356da62c3e9c91668cffa8420b3fdb5e3b638
full,FULL_SEARCH_PHASE5_NOT_FINAL_DECISION,high_effort_small_case_family,high_aig_three_round,6048dd34878c,false,true,strash; balance; rewrite -z; refactor -z; balance; resub -z; rewrite -z; refactor -z; dc2; balance; rewrite -z; refactor -z; balance,small_medium_high_effort,,tc_public_11,medium,328,7,0.286706,10.80859375,328,7,passed,ok,328,7,selected_raw,false,,false,,0,0,0,0,0.104462,0.085847,0.063324,0.253633,11.254,0.884645,1.041200,0,0,results\pipeline_search2\full\high_aig_three_round\tc_public_11\selected.blif,results\pipeline_search2\full\high_aig_three_round\tc_public_11\raw.candidate.blif,results\pipeline_search2\full\high_aig_three_round\tc_public_11\logs,9d4cac9cadf6794d5e6052fe9f2e9778ebee991e1e2e75559555442cfbb43519
full,FULL_SEARCH_PHASE5_NOT_FINAL_DECISION,high_effort_small_case_family,high_aig_three_round,6048dd34878c,false,true,strash; balance; rewrite -z; refactor -z; balance; resub -z; rewrite -z; refactor -z; dc2; balance; rewrite -z; refactor -z; balance,small_medium_high_effort,,tc_public_12,medium,1385,13,0.346738,13.5625,1370,13,passed,ok,1370,13,selected_raw,false,,false,,-15,0,-15,0,0.138708,0.083227,0.062092,0.284027,12.410,0.819141,0.915035,0,0,results\pipeline_search2\full\high_aig_three_round\tc_public_12\selected.blif,results\pipeline_search2\full\high_aig_three_round\tc_public_12\raw.candidate.blif,results\pipeline_search2\full\high_aig_three_round\tc_public_12\logs,4caaa9824d4ba1840b850c8aa15b1ceb88b6327b8699082828ae4212b00dae0c
full,FULL_SEARCH_PHASE5_NOT_FINAL_DECISION,high_effort_small_case_family,high_aig_three_round,6048dd34878c,false,true,strash; balance; rewrite -z; refactor -z; balance; resub -z; rewrite -z; refactor -z; dc2; balance; rewrite -z; refactor -z; balance,small_medium_high_effort,,tc_public_13,small,1058,13,0.421358,15.734375,1058,13,passed,ok,1058,13,selected_raw,false,,false,,0,0,0,0,0.172611,0.179286,0.063579,0.415476,15.781,0.986040,1.002979,0,0,results\pipeline_search2\full\high_aig_three_round\tc_public_13\selected.blif,results\pipeline_search2\full\high_aig_three_round\tc_public_13\raw.candidate.blif,results\pipeline_search2\full\high_aig_three_round\tc_public_13\logs,cb2dcd611b3127a20353c30124e8374a3b2e63f6ee1c5592bd35c89b9c64a178
full,FULL_SEARCH_PHASE5_NOT_FINAL_DECISION,high_effort_small_case_family,high_aig_three_round,6048dd34878c,false,true,strash; balance; rewrite -z; refactor -z; balance; resub -z; rewrite -z; refactor -z; dc2; balance; rewrite -z; refactor -z; balance,small_medium_high_effort,phase5_full_run_override_for_large,tc_public_14,large,3703,25,0.586281,19.07421875,3514,25,passed,ok,3514,25,selected_raw,false,,false,,-189,0,-189,0,0.362994,0.137927,0.061879,0.562800,18.656,0.959949,0.978087,0,0,results\pipeline_search2\full\high_aig_three_round\tc_public_14\selected.blif,results\pipeline_search2\full\high_aig_three_round\tc_public_14\raw.candidate.blif,results\pipeline_search2\full\high_aig_three_round\tc_public_14\logs,afaffd366d55ba39e236d3750b28f5752dbe9999c3898961eb8df0dd94644ff2
full,FULL_SEARCH_PHASE5_NOT_FINAL_DECISION,high_effort_small_case_family,high_aig_three_round,6048dd34878c,false,true,strash; balance; rewrite -z; refactor -z; balance; resub -z; rewrite -z; refactor -z; dc2; balance; rewrite -z; refactor -z; balance,small_medium_high_effort,,tc_public_15,small,927,11,0.323562,10.890625,922,11,passed,ok,922,11,selected_raw,false,,false,,-5,0,-5,0,0.135854,0.099010,0.063292,0.298156,13.652,0.921480,1.253587,0,0,results\pipeline_search2\full\high_aig_three_round\tc_public_15\selected.blif,results\pipeline_search2\full\high_aig_three_round\tc_public_15\raw.candidate.blif,results\pipeline_search2\full\high_aig_three_round\tc_public_15\logs,9f4acd8cb0db773efc69b5a60311c57e0ec7ff5916da9862e5de039956ae1f19
full,FULL_SEARCH_PHASE5_NOT_FINAL_DECISION,high_effort_small_case_family,high_aig_three_round,6048dd34878c,false,true,strash; balance; rewrite -z; refactor -z; balance; resub -z; rewrite -z; refactor -z; dc2; balance; rewrite -z; refactor -z; balance,small_medium_high_effort,,tc_public_16,tiny,45,6,0.251822,9.9296875,45,6,passed,ok,45,6,selected_raw,false,,false,,0,0,0,0,0.085945,0.062421,0.061049,0.209415,9.934,0.831601,1.000393,0,0,results\pipeline_search2\full\high_aig_three_round\tc_public_16\selected.blif,results\pipeline_search2\full\high_aig_three_round\tc_public_16\raw.candidate.blif,results\pipeline_search2\full\high_aig_three_round\tc_public_16\logs,b8ec3c78fca2b226f047eaad89d7f48b63d22bec6a00e01e22d347384dad7a9b
full,FULL_SEARCH_PHASE5_NOT_FINAL_DECISION,high_effort_small_case_family,high_aig_three_round,6048dd34878c,false,true,strash; balance; rewrite -z; refactor -z; balance; resub -z; rewrite -z; refactor -z; dc2; balance; rewrite -z; refactor -z; balance,small_medium_high_effort,,tc_public_17,small,93,6,0.265710,9.96484375,93,6,passed,ok,93,6,selected_raw,false,,false,,0,0,0,0,0.098326,0.061398,0.060951,0.220675,9.934,0.830512,0.996864,0,0,results\pipeline_search2\full\high_aig_three_round\tc_public_17\selected.blif,results\pipeline_search2\full\high_aig_three_round\tc_public_17\raw.candidate.blif,results\pipeline_search2\full\high_aig_three_round\tc_public_17\logs,ca3a1d9d4da7ff02825605ffa99ca2881a2c417d205f2e7dcbf7555f4a49116b
full,FULL_SEARCH_PHASE5_NOT_FINAL_DECISION,high_effort_small_case_family,high_aig_three_round,6048dd34878c,false,true,strash; balance; rewrite -z; refactor -z; balance; resub -z; rewrite -z; refactor -z; dc2; balance; rewrite -z; refactor -z; balance,small_medium_high_effort,,tc_public_18,medium,498,12,0.469088,12.2578125,492,12,passed,ok,492,12,selected_raw,false,,false,,-6,0,-6,0,0.176770,0.162943,0.060923,0.400636,16.258,0.854075,1.326322,0,0,results\pipeline_search2\full\high_aig_three_round\tc_public_18\selected.blif,results\pipeline_search2\full\high_aig_three_round\tc_public_18\raw.candidate.blif,results\pipeline_search2\full\high_aig_three_round\tc_public_18\logs,4bb2b6f8f0cd5047bfc2e5973b1ec5bac0a553f560251dcb9ef36f4ebd74d864
full,FULL_SEARCH_PHASE5_NOT_FINAL_DECISION,high_effort_small_case_family,high_aig_three_round,6048dd34878c,false,true,strash; balance; rewrite -z; refactor -z; balance; resub -z; rewrite -z; refactor -z; dc2; balance; rewrite -z; refactor -z; balance,small_medium_high_effort,phase5_full_run_override_for_large,tc_public_19,large,5304,18,1.905276,22.62890625,5277,18,passed,ok,5277,18,selected_raw,false,,false,,-27,0,-27,0,1.517951,0.560211,0.063909,2.142071,23.254,1.124284,1.027620,0,0,results\pipeline_search2\full\high_aig_three_round\tc_public_19\selected.blif,results\pipeline_search2\full\high_aig_three_round\tc_public_19\raw.candidate.blif,results\pipeline_search2\full\high_aig_three_round\tc_public_19\logs,4cf771e67184b6b650ed2160e00163d76132ebc2bdca9dbf4389156377bd1aae
full,FULL_SEARCH_PHASE5_NOT_FINAL_DECISION,high_effort_small_case_family,high_aig_three_round,6048dd34878c,false,true,strash; balance; rewrite -z; refactor -z; balance; resub -z; rewrite -z; refactor -z; dc2; balance; rewrite -z; refactor -z; balance,small_medium_high_effort,,tc_public_2,tiny,19,4,0.299974,10.2578125,18,4,passed,ok,18,4,selected_raw,false,,false,,-1,0,-1,0,0.082202,0.082519,0.062431,0.227152,10.242,0.757240,0.998477,0,0,results\pipeline_search2\full\high_aig_three_round\tc_public_2\selected.blif,results\pipeline_search2\full\high_aig_three_round\tc_public_2\raw.candidate.blif,results\pipeline_search2\full\high_aig_three_round\tc_public_2\logs,13797599e8be354e3cd6512c7d1480be5685554862861c6db77d46cd0d15a709
full,FULL_SEARCH_PHASE5_NOT_FINAL_DECISION,high_effort_small_case_family,high_aig_three_round,6048dd34878c,false,true,strash; balance; rewrite -z; refactor -z; balance; resub -z; rewrite -z; refactor -z; dc2; balance; rewrite -z; refactor -z; balance,small_medium_high_effort,phase5_full_run_override_for_large,tc_public_20,large,5559,20,1.988655,23.0625,5538,20,passed,ok,5538,20,selected_raw,false,,false,,-21,0,-21,0,1.518482,0.627850,0.063407,2.209739,23.457,1.111173,1.017107,0,0,results\pipeline_search2\full\high_aig_three_round\tc_public_20\selected.blif,results\pipeline_search2\full\high_aig_three_round\tc_public_20\raw.candidate.blif,results\pipeline_search2\full\high_aig_three_round\tc_public_20\logs,3f19712095f98a4badc71b65e938fcbd1a64373e2f0a8c3be9f620c142dd8d11
full,FULL_SEARCH_PHASE5_NOT_FINAL_DECISION,high_effort_small_case_family,high_aig_three_round,6048dd34878c,false,true,strash; balance; rewrite -z; refactor -z; balance; resub -z; rewrite -z; refactor -z; dc2; balance; rewrite -z; refactor -z; balance,small_medium_high_effort,phase5_full_run_override_for_large,tc_public_21,large,5577,20,1.987602,23.2890625,5556,20,passed,ok,5556,20,selected_raw,false,,false,,-21,0,-21,0,1.566647,0.661179,0.062676,2.290502,23.938,1.152395,1.027843,0,0,results\pipeline_search2\full\high_aig_three_round\tc_public_21\selected.blif,results\pipeline_search2\full\high_aig_three_round\tc_public_21\raw.candidate.blif,results\pipeline_search2\full\high_aig_three_round\tc_public_21\logs,7d0a86918e9bacdb585fb7113ca6919ec2233f43f12b9607d90148ecf2241102
full,FULL_SEARCH_PHASE5_NOT_FINAL_DECISION,high_effort_small_case_family,high_aig_three_round,6048dd34878c,false,true,strash; balance; rewrite -z; refactor -z; balance; resub -z; rewrite -z; refactor -z; dc2; balance; rewrite -z; refactor -z; balance,small_medium_high_effort,phase5_full_run_override_for_large,tc_public_22,large,11067,20,3.665116,30.44140625,11049,20,passed,ok,11049,20,selected_raw,false,,false,,-18,0,-18,0,3.105094,1.299191,0.293212,4.697497,30.996,1.281678,1.018221,0,0,results\pipeline_search2\full\high_aig_three_round\tc_public_22\selected.blif,results\pipeline_search2\full\high_aig_three_round\tc_public_22\raw.candidate.blif,results\pipeline_search2\full\high_aig_three_round\tc_public_22\logs,6e9d32dbae743f26c060ff67f702645c9d74b246af9a0b175476cbd4ad244c97
full,FULL_SEARCH_PHASE5_NOT_FINAL_DECISION,high_effort_small_case_family,high_aig_three_round,6048dd34878c,false,true,strash; balance; rewrite -z; refactor -z; balance; resub -z; rewrite -z; refactor -z; dc2; balance; rewrite -z; refactor -z; balance,small_medium_high_effort,,tc_public_23,medium,1530,16,0.312543,12.61328125,1530,16,passed,ok,1530,16,selected_raw,false,,false,,0,0,0,0,0.158178,0.083042,0.061104,0.302324,13.160,0.967303,1.043357,0,0,results\pipeline_search2\full\high_aig_three_round\tc_public_23\selected.blif,results\pipeline_search2\full\high_aig_three_round\tc_public_23\raw.candidate.blif,results\pipeline_search2\full\high_aig_three_round\tc_public_23\logs,24af600bd5265308c54014f735609effc870316dda0664009cfc000002172c85
full,FULL_SEARCH_PHASE5_NOT_FINAL_DECISION,high_effort_small_case_family,high_aig_three_round,6048dd34878c,false,true,strash; balance; rewrite -z; refactor -z; balance; resub -z; rewrite -z; refactor -z; dc2; balance; rewrite -z; refactor -z; balance,small_medium_high_effort,,tc_public_24,small,215,8,0.272149,10.12890625,215,8,passed,ok,215,8,selected_raw,false,,false,,0,0,0,0,0.099463,0.061083,0.066325,0.226871,10.117,0.833627,0.998843,0,0,results\pipeline_search2\full\high_aig_three_round\tc_public_24\selected.blif,results\pipeline_search2\full\high_aig_three_round\tc_public_24\raw.candidate.blif,results\pipeline_search2\full\high_aig_three_round\tc_public_24\logs,9b8c886b9002f2d17a82c53432d837a92104008874b0b178d18f25e0a3a28f7b
full,FULL_SEARCH_PHASE5_NOT_FINAL_DECISION,high_effort_small_case_family,high_aig_three_round,6048dd34878c,false,true,strash; balance; rewrite -z; refactor -z; balance; resub -z; rewrite -z; refactor -z; dc2; balance; rewrite -z; refactor -z; balance,small_medium_high_effort,,tc_public_25,small,26,4,0.268111,10.13671875,26,4,passed,ok,26,4,selected_raw,false,,false,,0,0,0,0,0.082168,0.062472,0.060453,0.205093,10.125,0.764956,0.998844,0,0,results\pipeline_search2\full\high_aig_three_round\tc_public_25\selected.blif,results\pipeline_search2\full\high_aig_three_round\tc_public_25\raw.candidate.blif,results\pipeline_search2\full\high_aig_three_round\tc_public_25\logs,0b002a4802566728987563f5240368a7bcf6e84dd2ad30fc9c34d236e06ec5df
full,FULL_SEARCH_PHASE5_NOT_FINAL_DECISION,high_effort_small_case_family,high_aig_three_round,6048dd34878c,false,true,strash; balance; rewrite -z; refactor -z; balance; resub -z; rewrite -z; refactor -z; dc2; balance; rewrite -z; refactor -z; balance,small_medium_high_effort,,tc_public_26,medium,1048,10,0.337020,10.94140625,1052,10,passed,ok,1052,10,selected_raw,false,,false,,4,0,4,0,0.174389,0.099192,0.078804,0.352385,11.398,1.045590,1.041771,0,0,results\pipeline_search2\full\high_aig_three_round\tc_public_26\selected.blif,results\pipeline_search2\full\high_aig_three_round\tc_public_26\raw.candidate.blif,results\pipeline_search2\full\high_aig_three_round\tc_public_26\logs,afef5d65b1f0afdff9c6cf370995dbb38552a56f9b0333080387591deb31ef78
full,FULL_SEARCH_PHASE5_NOT_FINAL_DECISION,high_effort_small_case_family,high_aig_three_round,6048dd34878c,false,true,strash; balance; rewrite -z; refactor -z; balance; resub -z; rewrite -z; refactor -z; dc2; balance; rewrite -z; refactor -z; balance,small_medium_high_effort,,tc_public_27,small,376,7,0.268204,10.40625,376,7,passed,ok,376,7,selected_raw,false,,false,,0,0,0,0,0.123076,0.092811,0.062710,0.278597,10.402,1.038752,0.999625,0,0,results\pipeline_search2\full\high_aig_three_round\tc_public_27\selected.blif,results\pipeline_search2\full\high_aig_three_round\tc_public_27\raw.candidate.blif,results\pipeline_search2\full\high_aig_three_round\tc_public_27\logs,3cc6e436f339230a535fced3831af5f3e4fbf366820c965d4c70ac27181a8e7c
full,FULL_SEARCH_PHASE5_NOT_FINAL_DECISION,high_effort_small_case_family,high_aig_three_round,6048dd34878c,false,true,strash; balance; rewrite -z; refactor -z; balance; resub -z; rewrite -z; refactor -z; dc2; balance; rewrite -z; refactor -z; balance,small_medium_high_effort,,tc_public_28,small,520,7,0.260640,10.2890625,520,7,passed,ok,520,7,selected_raw,false,,false,,0,0,0,0,0.126683,0.083938,0.062947,0.273568,11.512,1.049599,1.118831,0,0,results\pipeline_search2\full\high_aig_three_round\tc_public_28\selected.blif,results\pipeline_search2\full\high_aig_three_round\tc_public_28\raw.candidate.blif,results\pipeline_search2\full\high_aig_three_round\tc_public_28\logs,5520996403a12bcee6682738c04a140726a8e8b466c402868b474d26ead31835
full,FULL_SEARCH_PHASE5_NOT_FINAL_DECISION,high_effort_small_case_family,high_aig_three_round,6048dd34878c,false,true,strash; balance; rewrite -z; refactor -z; balance; resub -z; rewrite -z; refactor -z; dc2; balance; rewrite -z; refactor -z; balance,small_medium_high_effort,,tc_public_29,small,109,7,0.275448,10.00390625,109,7,passed,ok,109,7,selected_raw,false,,false,,0,0,0,0,0.082602,0.062309,0.063511,0.208422,9.996,0.756665,0.999219,0,0,results\pipeline_search2\full\high_aig_three_round\tc_public_29\selected.blif,results\pipeline_search2\full\high_aig_three_round\tc_public_29\raw.candidate.blif,results\pipeline_search2\full\high_aig_three_round\tc_public_29\logs,8bd57b90b6590aeb1b6510cc3a0465f5e95779a6c74f27bcf06e29dff43c4cc8
full,FULL_SEARCH_PHASE5_NOT_FINAL_DECISION,high_effort_small_case_family,high_aig_three_round,6048dd34878c,false,true,strash; balance; rewrite -z; refactor -z; balance; resub -z; rewrite -z; refactor -z; dc2; balance; rewrite -z; refactor -z; balance,small_medium_high_effort,,tc_public_3,tiny,109,8,0.299433,10.33203125,133,9,passed,ok,133,9,selected_raw,false,,false,,24,1,24,1,0.100050,0.083819,0.062481,0.246350,10.352,0.822722,1.001890,0,0,results\pipeline_search2\full\high_aig_three_round\tc_public_3\selected.blif,results\pipeline_search2\full\high_aig_three_round\tc_public_3\raw.candidate.blif,results\pipeline_search2\full\high_aig_three_round\tc_public_3\logs,d3a6e0af5b13a720e43bcc30f9e222912420f2409d1374f1126902d7aaf82f7f
full,FULL_SEARCH_PHASE5_NOT_FINAL_DECISION,high_effort_small_case_family,high_aig_three_round,6048dd34878c,false,true,strash; balance; rewrite -z; refactor -z; balance; resub -z; rewrite -z; refactor -z; dc2; balance; rewrite -z; refactor -z; balance,small_medium_high_effort,phase5_full_run_override_for_large,tc_public_30,large,6613,21,2.162263,31.3046875,5421,21,passed,ok,5421,21,selected_raw,false,,false,,-1192,0,-1192,0,0.653617,1.280674,0.063226,1.997517,30.457,0.923809,0.972922,0,0,results\pipeline_search2\full\high_aig_three_round\tc_public_30\selected.blif,results\pipeline_search2\full\high_aig_three_round\tc_public_30\raw.candidate.blif,results\pipeline_search2\full\high_aig_three_round\tc_public_30\logs,3068d9a6cefc9e0072ae8ed2479008f7ad8616673a7bacd11d1a32412829791f
full,FULL_SEARCH_PHASE5_NOT_FINAL_DECISION,high_effort_small_case_family,high_aig_three_round,6048dd34878c,false,true,strash; balance; rewrite -z; refactor -z; balance; resub -z; rewrite -z; refactor -z; dc2; balance; rewrite -z; refactor -z; balance,small_medium_high_effort,,tc_public_4,tiny,69,8,0.331617,10.35546875,104,9,passed,metric_regression,69,8,fallback_current_final,true,metric_regression: nodes_worse:35,true,nodes_worse:35,35,1,0,0,0.081972,0.084297,0.062293,0.228562,10.348,0.689235,0.999246,0,0,results\pipeline_search2\full\high_aig_three_round\tc_public_4\selected.blif,results\pipeline_search2\full\high_aig_three_round\tc_public_4\raw.candidate.blif,results\pipeline_search2\full\high_aig_three_round\tc_public_4\logs,565566e664abe0783cc53e361548e87e204ed02ab0afda096abae377d01d308a
full,FULL_SEARCH_PHASE5_NOT_FINAL_DECISION,high_effort_small_case_family,high_aig_three_round,6048dd34878c,false,true,strash; balance; rewrite -z; refactor -z; balance; resub -z; rewrite -z; refactor -z; dc2; balance; rewrite -z; refactor -z; balance,small_medium_high_effort,,tc_public_5,small,65,2,0.301763,10.39453125,65,2,passed,ok,65,2,selected_raw,false,,false,,0,0,0,0,0.113655,0.063096,0.062775,0.239526,10.371,0.793756,0.997745,0,0,results\pipeline_search2\full\high_aig_three_round\tc_public_5\selected.blif,results\pipeline_search2\full\high_aig_three_round\tc_public_5\raw.candidate.blif,results\pipeline_search2\full\high_aig_three_round\tc_public_5\logs,ce6116f205dbbe3672f189022124712234c2be037fa12cae00d63f3e2c959c32
full,FULL_SEARCH_PHASE5_NOT_FINAL_DECISION,high_effort_small_case_family,high_aig_three_round,6048dd34878c,false,true,strash; balance; rewrite -z; refactor -z; balance; resub -z; rewrite -z; refactor -z; dc2; balance; rewrite -z; refactor -z; balance,small_medium_high_effort,,tc_public_6,small,162,4,0.311217,10.6171875,162,4,passed,ok,162,4,selected_raw,false,,false,,0,0,0,0,0.099944,0.081378,0.067741,0.249063,10.598,0.800286,0.998160,0,0,results\pipeline_search2\full\high_aig_three_round\tc_public_6\selected.blif,results\pipeline_search2\full\high_aig_three_round\tc_public_6\raw.candidate.blif,results\pipeline_search2\full\high_aig_three_round\tc_public_6\logs,c7f3f5275f63bfbcf58e31ece3ab4b6dfff35765f721fcd50753e509a0106a46
full,FULL_SEARCH_PHASE5_NOT_FINAL_DECISION,high_effort_small_case_family,high_aig_three_round,6048dd34878c,false,true,strash; balance; rewrite -z; refactor -z; balance; resub -z; rewrite -z; refactor -z; dc2; balance; rewrite -z; refactor -z; balance,small_medium_high_effort,,tc_public_7,small,252,3,0.270967,10.65234375,252,3,passed,ok,252,3,selected_raw,false,,false,,0,0,0,0,0.102084,0.081864,0.061397,0.245345,10.629,0.905444,0.997800,0,0,results\pipeline_search2\full\high_aig_three_round\tc_public_7\selected.blif,results\pipeline_search2\full\high_aig_three_round\tc_public_7\raw.candidate.blif,results\pipeline_search2\full\high_aig_three_round\tc_public_7\logs,47640f842cdeede5dc7f276f4956821fc91922d69af61f48c52438da391bc4e3
full,FULL_SEARCH_PHASE5_NOT_FINAL_DECISION,high_effort_small_case_family,high_aig_three_round,6048dd34878c,false,true,strash; balance; rewrite -z; refactor -z; balance; resub -z; rewrite -z; refactor -z; dc2; balance; rewrite -z; refactor -z; balance,small_medium_high_effort,,tc_public_8,small,193,3,0.307302,10.578125,192,4,passed,ok,192,4,selected_raw,false,,false,,-1,1,-1,1,0.098061,0.083001,0.066067,0.247129,10.590,0.804190,1.001108,0,0,results\pipeline_search2\full\high_aig_three_round\tc_public_8\selected.blif,results\pipeline_search2\full\high_aig_three_round\tc_public_8\raw.candidate.blif,results\pipeline_search2\full\high_aig_three_round\tc_public_8\logs,549873f94f471aca8391dd30f3f38e5580490039c7824509e01ec544e8a253ae
full,FULL_SEARCH_PHASE5_NOT_FINAL_DECISION,high_effort_small_case_family,high_aig_three_round,6048dd34878c,false,true,strash; balance; rewrite -z; refactor -z; balance; resub -z; rewrite -z; refactor -z; dc2; balance; rewrite -z; refactor -z; balance,small_medium_high_effort,,tc_public_9,tiny,224,5,0.284901,10.55859375,224,5,passed,ok,224,5,selected_raw,false,,false,,0,0,0,0,0.101783,0.082716,0.045700,0.230199,10.547,0.807996,0.998890,0,0,results\pipeline_search2\full\high_aig_three_round\tc_public_9\selected.blif,results\pipeline_search2\full\high_aig_three_round\tc_public_9\raw.candidate.blif,results\pipeline_search2\full\high_aig_three_round\tc_public_9\logs,aab2cbd923e43b3681c4759637d93b6b9f8e39976263a58ab417b33af5c34894
