phase,usage_note,family,pipeline_id,pipeline_hash,candidate_kind,selector_eligible,offline_only,raw_steps,normalized_steps,timeout_profile,allowed_case_scales,case,selection_order,selection_reason,selector_bucket,scale_grade,final_nodes,final_levels,final_total_time_sec,final_peak_rss_mb,raw_nodes,raw_levels,raw_cec_status,raw_status,selected_nodes,selected_levels,selected_status,fallback_used,fallback_reason,metric_regression,metric_regression_reasons,raw_node_delta_vs_final,raw_level_delta_vs_final,opt_runtime_sec,cec_runtime_sec,stats_runtime_sec,total_runtime_sec,peak_rss_mb,runtime_ratio_vs_final,rss_ratio_vs_final,opt_returncode,cec_returncode,output_path,candidate_path,log_dir,cache_key
smoke,SMOKE_ONLY_FILTER_NOT_FINAL_CONCLUSION,aig_resyn_family,aig_resyn_baseline,2e5593784e12,pipeline,true,false,strash; balance; rewrite; rewrite -z; refactor; refactor -z; balance,strash; balance; rewrite; rewrite -z; refactor; refactor -z; balance,default,tiny|small|medium|large,tc_public_30,1,largest node gain vs baseline,large|near_aig|not_sop|po_small,large,6613,21,2.162263,31.3046875,9418,22,passed,metric_regression,6613,21,fallback_current_final,true,metric_regression: nodes_worse:2805,true,nodes_worse:2805,2805,1,0.402799,1.290774,0.083345,1.776918,29.758,0.821786,0.950586,0,0,results\pipeline_search2\smoke\aig_resyn_baseline\tc_public_30\selected.blif,results\pipeline_search2\smoke\aig_resyn_baseline\tc_public_30\raw.candidate.blif,results\pipeline_search2\smoke\aig_resyn_baseline\tc_public_30\logs,57043c4ffb3aa90a8ac08a69aa1e8771cf7171b3a8d77b07546546ffa047e7c9
smoke,SMOKE_ONLY_FILTER_NOT_FINAL_CONCLUSION,aig_resyn_family,aig_resyn_baseline,2e5593784e12,pipeline,true,false,strash; balance; rewrite; rewrite -z; refactor; refactor -z; balance,strash; balance; rewrite; rewrite -z; refactor; refactor -z; balance,default,tiny|small|medium|large,tc_public_14,2,max-level pressure case; large near-two-input AIG with medium output bin,large|near_aig|not_sop|po_medium,large,3703,25,0.586281,19.07421875,4474,26,passed,metric_regression,3703,25,fallback_current_final,true,metric_regression: nodes_worse:771,true,nodes_worse:771,771,1,0.210687,0.156561,0.060433,0.427681,19.523,0.729481,1.023551,0,0,results\pipeline_search2\smoke\aig_resyn_baseline\tc_public_14\selected.blif,results\pipeline_search2\smoke\aig_resyn_baseline\tc_public_14\raw.candidate.blif,results\pipeline_search2\smoke\aig_resyn_baseline\tc_public_14\logs,d370dfe0895db4e2fb5409d9f6f64acab62d3dc0cf0f6be45c9c7fd4a63d32da
smoke,SMOKE_ONLY_FILTER_NOT_FINAL_CONCLUSION,aig_resyn_family,aig_resyn_baseline,2e5593784e12,pipeline,true,false,strash; balance; rewrite; rewrite -z; refactor; refactor -z; balance,strash; balance; rewrite; rewrite -z; refactor; refactor -z; balance,default,tiny|small|medium|large,tc_public_22,3,large near-two-input AIG with small output bin,large|near_aig|not_sop|po_small,large,11067,20,3.665116,30.44140625,11265,20,passed,ok,11265,20,selected_raw,false,,false,,198,0,0.545548,0.752563,0.091830,1.389941,29.816,0.379235,0.979469,0,0,results\pipeline_search2\smoke\aig_resyn_baseline\tc_public_22\selected.blif,results\pipeline_search2\smoke\aig_resyn_baseline\tc_public_22\raw.candidate.blif,results\pipeline_search2\smoke\aig_resyn_baseline\tc_public_22\logs,9f023ba9b2a5b1a8712783fc3c54a6031e0c6e4d6114fd05aa39b5a2b5243833
smoke,SMOKE_ONLY_FILTER_NOT_FINAL_CONCLUSION,aig_resyn_family,aig_resyn_baseline,2e5593784e12,pipeline,true,false,strash; balance; rewrite; rewrite -z; refactor; refactor -z; balance,strash; balance; rewrite; rewrite -z; refactor; refactor -z; balance,default,tiny|small|medium|large,tc_public_12,4,medium non-AIG selector rewrite bucket,medium|non_aig|not_sop|po_large,medium,1385,13,0.346738,13.5625,1407,13,passed,ok,1407,13,selected_raw,false,,false,,22,0,0.121071,0.099267,0.069885,0.290223,11.117,0.837011,0.819700,0,0,results\pipeline_search2\smoke\aig_resyn_baseline\tc_public_12\selected.blif,results\pipeline_search2\smoke\aig_resyn_baseline\tc_public_12\raw.candidate.blif,results\pipeline_search2\smoke\aig_resyn_baseline\tc_public_12\logs,055d85dc3207c13becd4b59d42778c8353112008c8769a05904e77cccc9cc823
smoke,SMOKE_ONLY_FILTER_NOT_FINAL_CONCLUSION,aig_resyn_family,aig_resyn_baseline,2e5593784e12,pipeline,true,false,strash; balance; rewrite; rewrite -z; refactor; refactor -z; balance,strash; balance; rewrite; rewrite -z; refactor; refactor -z; balance,default,tiny|small|medium|large,tc_public_23,5,medium near-two-input AIG bucket,medium|near_aig|not_sop|po_tiny,medium,1530,16,0.312543,12.61328125,1530,16,passed,ok,1530,16,selected_raw,false,,false,,0,0,0.111519,0.091402,0.062088,0.265009,10.609,0.847912,0.841127,0,0,results\pipeline_search2\smoke\aig_resyn_baseline\tc_public_23\selected.blif,results\pipeline_search2\smoke\aig_resyn_baseline\tc_public_23\raw.candidate.blif,results\pipeline_search2\smoke\aig_resyn_baseline\tc_public_23\logs,d3daad3de197b0582469eef83873c4f3ad2885c0c017bca4e0188914498beb6b
smoke,SMOKE_ONLY_FILTER_NOT_FINAL_CONCLUSION,aig_resyn_family,aig_resyn_baseline,2e5593784e12,pipeline,true,false,strash; balance; rewrite; rewrite -z; refactor; refactor -z; balance,strash; balance; rewrite; rewrite -z; refactor; refactor -z; balance,default,tiny|small|medium|large,tc_public_9,6,tiny high-fanin SOP bucket,tiny|non_aig|high_sop|po_medium,tiny,224,5,0.284901,10.55859375,224,5,passed,ok,224,5,selected_raw,false,,false,,0,0,0.086129,0.083549,0.061912,0.231590,10.547,0.812878,0.998890,0,0,results\pipeline_search2\smoke\aig_resyn_baseline\tc_public_9\selected.blif,results\pipeline_search2\smoke\aig_resyn_baseline\tc_public_9\raw.candidate.blif,results\pipeline_search2\smoke\aig_resyn_baseline\tc_public_9\logs,8024c5e48febe8b3c2b76718e39cab7429f5cdc04d0a4d51bf7e42c895418393
smoke,SMOKE_ONLY_FILTER_NOT_FINAL_CONCLUSION,aig_resyn_family,aig_resyn_baseline,2e5593784e12,pipeline,true,false,strash; balance; rewrite; rewrite -z; refactor; refactor -z; balance,strash; balance; rewrite; rewrite -z; refactor; refactor -z; balance,default,tiny|small|medium|large,tc_public_7,7,small high-fanin SOP bucket,small|non_aig|high_sop|po_medium,small,252,3,0.270967,10.65234375,252,3,passed,ok,252,3,selected_raw,false,,false,,0,0,0.095259,0.082064,0.062678,0.240001,10.133,0.885722,0.951228,0,0,results\pipeline_search2\smoke\aig_resyn_baseline\tc_public_7\selected.blif,results\pipeline_search2\smoke\aig_resyn_baseline\tc_public_7\raw.candidate.blif,results\pipeline_search2\smoke\aig_resyn_baseline\tc_public_7\logs,3264c7a5420e556fedfd665e1a1e47c4d1093b5ff677dee9ac6f18bd168d4988
smoke,SMOKE_ONLY_FILTER_NOT_FINAL_CONCLUSION,aig_resyn_family,aig_resyn_baseline,2e5593784e12,pipeline,true,false,strash; balance; rewrite; rewrite -z; refactor; refactor -z; balance,strash; balance; rewrite; rewrite -z; refactor; refactor -z; balance,default,tiny|small|medium|large,tc_public_15,8,small near-two-input AIG bucket,small|near_aig|not_sop|po_medium,small,927,11,0.323562,10.890625,928,10,passed,ok,928,10,selected_raw,false,,false,,1,-1,0.101729,0.086776,0.060560,0.249065,9.551,0.769759,0.876973,0,0,results\pipeline_search2\smoke\aig_resyn_baseline\tc_public_15\selected.blif,results\pipeline_search2\smoke\aig_resyn_baseline\tc_public_15\raw.candidate.blif,results\pipeline_search2\smoke\aig_resyn_baseline\tc_public_15\logs,c75c6ab744c97a80070569da3cb6e6bd4735999d27900e2dd63072a0b0d49d80
smoke,SMOKE_ONLY_FILTER_NOT_FINAL_CONCLUSION,aig_resyn_family,aig_resyn_baseline,2e5593784e12,pipeline,true,false,strash; balance; rewrite; rewrite -z; refactor; refactor -z; balance,strash; balance; rewrite; rewrite -z; refactor; refactor -z; balance,default,tiny|small|medium|large,tc_public_28,9,zero-gain guard bucket,small|near_aig|not_sop|po_small,small,520,7,0.260640,10.2890625,520,7,passed,ok,520,7,selected_raw,false,,false,,0,0,0.097363,0.089935,0.064089,0.251387,9.859,0.964497,0.958238,0,0,results\pipeline_search2\smoke\aig_resyn_baseline\tc_public_28\selected.blif,results\pipeline_search2\smoke\aig_resyn_baseline\tc_public_28\raw.candidate.blif,results\pipeline_search2\smoke\aig_resyn_baseline\tc_public_28\logs,8b31a5a71f658c78e75725d7316985d4960ef36cdf8891930cfa62caba18b81f
smoke,SMOKE_ONLY_FILTER_NOT_FINAL_CONCLUSION,aig_resyn_family,aig_resyn_baseline,2e5593784e12,pipeline,true,false,strash; balance; rewrite; rewrite -z; refactor; refactor -z; balance,strash; balance; rewrite; rewrite -z; refactor; refactor -z; balance,default,tiny|small|medium|large,tc_public_16,10,tiny non-SOP non-AIG guard bucket,tiny|non_aig|not_sop|po_tiny,tiny,45,6,0.251822,9.9296875,45,6,passed,ok,45,6,selected_raw,false,,false,,0,0,0.111031,0.077667,0.079138,0.267836,8.703,1.063595,0.876475,0,0,results\pipeline_search2\smoke\aig_resyn_baseline\tc_public_16\selected.blif,results\pipeline_search2\smoke\aig_resyn_baseline\tc_public_16\raw.candidate.blif,results\pipeline_search2\smoke\aig_resyn_baseline\tc_public_16\logs,ffd6cc94a53740f5e71f166f427e4536b639594c26e47b5b34c94fcc70ab4134
smoke,SMOKE_ONLY_FILTER_NOT_FINAL_CONCLUSION,aig_resyn_family,aig_resyn_dc2_tail,74c646ab565b,pipeline,true,false,strash; balance; rewrite -z; refactor -z; dc2; balance,strash; balance; rewrite -z; refactor -z; dc2; balance,default,tiny|small|medium|large,tc_public_30,1,largest node gain vs baseline,large|near_aig|not_sop|po_small,large,6613,21,2.162263,31.3046875,6613,21,passed,ok,6613,21,selected_raw,false,,false,,0,0,0.415789,1.541762,0.063041,2.020592,30.836,0.934480,0.985026,0,0,results\pipeline_search2\smoke\aig_resyn_dc2_tail\tc_public_30\selected.blif,results\pipeline_search2\smoke\aig_resyn_dc2_tail\tc_public_30\raw.candidate.blif,results\pipeline_search2\smoke\aig_resyn_dc2_tail\tc_public_30\logs,c52976f27983ac0d85b6dc095475331d55e998db21fbce7db0c31f4d326c26c7
smoke,SMOKE_ONLY_FILTER_NOT_FINAL_CONCLUSION,aig_resyn_family,aig_resyn_dc2_tail,74c646ab565b,pipeline,true,false,strash; balance; rewrite -z; refactor -z; dc2; balance,strash; balance; rewrite -z; refactor -z; dc2; balance,default,tiny|small|medium|large,tc_public_14,2,max-level pressure case; large near-two-input AIG with medium output bin,large|near_aig|not_sop|po_medium,large,3703,25,0.586281,19.07421875,3703,25,passed,ok,3703,25,selected_raw,false,,false,,0,0,0.267607,0.157964,0.062662,0.488233,19.051,0.832762,0.998771,0,0,results\pipeline_search2\smoke\aig_resyn_dc2_tail\tc_public_14\selected.blif,results\pipeline_search2\smoke\aig_resyn_dc2_tail\tc_public_14\raw.candidate.blif,results\pipeline_search2\smoke\aig_resyn_dc2_tail\tc_public_14\logs,eed677cc323b510484857340dafb7cd25e32e8aa8da0190b46bc042ec3b03bfa
smoke,SMOKE_ONLY_FILTER_NOT_FINAL_CONCLUSION,aig_resyn_family,aig_resyn_dc2_tail,74c646ab565b,pipeline,true,false,strash; balance; rewrite -z; refactor -z; dc2; balance,strash; balance; rewrite -z; refactor -z; dc2; balance,default,tiny|small|medium|large,tc_public_22,3,large near-two-input AIG with small output bin,large|near_aig|not_sop|po_small,large,11067,20,3.665116,30.44140625,11067,20,passed,ok,11067,20,selected_raw,false,,false,,0,0,2.555654,0.949441,0.081456,3.586551,30.012,0.978564,0.985885,0,0,results\pipeline_search2\smoke\aig_resyn_dc2_tail\tc_public_22\selected.blif,results\pipeline_search2\smoke\aig_resyn_dc2_tail\tc_public_22\raw.candidate.blif,results\pipeline_search2\smoke\aig_resyn_dc2_tail\tc_public_22\logs,3d036674ab362cad28fb3aa1a35eaa9b1d8a5e3b926f6fe2d187f5d9c4290c30
smoke,SMOKE_ONLY_FILTER_NOT_FINAL_CONCLUSION,aig_resyn_family,aig_resyn_dc2_tail,74c646ab565b,pipeline,true,false,strash; balance; rewrite -z; refactor -z; dc2; balance,strash; balance; rewrite -z; refactor -z; dc2; balance,default,tiny|small|medium|large,tc_public_12,4,medium non-AIG selector rewrite bucket,medium|non_aig|not_sop|po_large,medium,1385,13,0.346738,13.5625,1388,14,passed,ok,1388,14,selected_raw,false,,false,,3,1,0.119009,0.081442,0.061055,0.261506,12.332,0.754190,0.909274,0,0,results\pipeline_search2\smoke\aig_resyn_dc2_tail\tc_public_12\selected.blif,results\pipeline_search2\smoke\aig_resyn_dc2_tail\tc_public_12\raw.candidate.blif,results\pipeline_search2\smoke\aig_resyn_dc2_tail\tc_public_12\logs,24a4165e8fd3ec917102a5c710f1393a42157011689b280f89f56bce54299a5e
smoke,SMOKE_ONLY_FILTER_NOT_FINAL_CONCLUSION,aig_resyn_family,aig_resyn_dc2_tail,74c646ab565b,pipeline,true,false,strash; balance; rewrite -z; refactor -z; dc2; balance,strash; balance; rewrite -z; refactor -z; dc2; balance,default,tiny|small|medium|large,tc_public_23,5,medium near-two-input AIG bucket,medium|near_aig|not_sop|po_tiny,medium,1530,16,0.312543,12.61328125,1530,16,passed,ok,1530,16,selected_raw,false,,false,,0,0,0.140584,0.083350,0.061785,0.285719,12.480,0.914175,0.989470,0,0,results\pipeline_search2\smoke\aig_resyn_dc2_tail\tc_public_23\selected.blif,results\pipeline_search2\smoke\aig_resyn_dc2_tail\tc_public_23\raw.candidate.blif,results\pipeline_search2\smoke\aig_resyn_dc2_tail\tc_public_23\logs,2ebcede86c0454b6d7ac9f5630722f18a05c9add7c4b1f3d0241d9184458a521
smoke,SMOKE_ONLY_FILTER_NOT_FINAL_CONCLUSION,aig_resyn_family,aig_resyn_dc2_tail,74c646ab565b,pipeline,true,false,strash; balance; rewrite -z; refactor -z; dc2; balance,strash; balance; rewrite -z; refactor -z; dc2; balance,default,tiny|small|medium|large,tc_public_9,6,tiny high-fanin SOP bucket,tiny|non_aig|high_sop|po_medium,tiny,224,5,0.284901,10.55859375,224,5,passed,ok,224,5,selected_raw,false,,false,,0,0,0.083683,0.099998,0.062402,0.246083,10.273,0.863748,0.972993,0,0,results\pipeline_search2\smoke\aig_resyn_dc2_tail\tc_public_9\selected.blif,results\pipeline_search2\smoke\aig_resyn_dc2_tail\tc_public_9\raw.candidate.blif,results\pipeline_search2\smoke\aig_resyn_dc2_tail\tc_public_9\logs,9365afbb2c4eaee636a127f5683313653341bcd283f27b6e1f4aadb4adbe181d
smoke,SMOKE_ONLY_FILTER_NOT_FINAL_CONCLUSION,aig_resyn_family,aig_resyn_dc2_tail,74c646ab565b,pipeline,true,false,strash; balance; rewrite -z; refactor -z; dc2; balance,strash; balance; rewrite -z; refactor -z; dc2; balance,default,tiny|small|medium|large,tc_public_7,7,small high-fanin SOP bucket,small|non_aig|high_sop|po_medium,small,252,3,0.270967,10.65234375,252,3,passed,ok,252,3,selected_raw,false,,false,,0,0,0.097395,0.104734,0.060589,0.262718,10.660,0.969559,1.000733,0,0,results\pipeline_search2\smoke\aig_resyn_dc2_tail\tc_public_7\selected.blif,results\pipeline_search2\smoke\aig_resyn_dc2_tail\tc_public_7\raw.candidate.blif,results\pipeline_search2\smoke\aig_resyn_dc2_tail\tc_public_7\logs,b6f13ee463931fda9c4cf2e9d8943e9b9f73735050a9bb7e1a224dd86381c495
smoke,SMOKE_ONLY_FILTER_NOT_FINAL_CONCLUSION,aig_resyn_family,aig_resyn_dc2_tail,74c646ab565b,pipeline,true,false,strash; balance; rewrite -z; refactor -z; dc2; balance,strash; balance; rewrite -z; refactor -z; dc2; balance,default,tiny|small|medium|large,tc_public_15,8,small near-two-input AIG bucket,small|near_aig|not_sop|po_medium,small,927,11,0.323562,10.890625,927,11,passed,ok,927,11,selected_raw,false,,false,,0,0,0.096972,0.099270,0.064073,0.260315,10.145,0.804528,0.931492,0,0,results\pipeline_search2\smoke\aig_resyn_dc2_tail\tc_public_15\selected.blif,results\pipeline_search2\smoke\aig_resyn_dc2_tail\tc_public_15\raw.candidate.blif,results\pipeline_search2\smoke\aig_resyn_dc2_tail\tc_public_15\logs,f55313a80d77634bc6c514994352a913e487fa99c6535de72dddf35c5ea4764e
smoke,SMOKE_ONLY_FILTER_NOT_FINAL_CONCLUSION,aig_resyn_family,aig_resyn_dc2_tail,74c646ab565b,pipeline,true,false,strash; balance; rewrite -z; refactor -z; dc2; balance,strash; balance; rewrite -z; refactor -z; dc2; balance,default,tiny|small|medium|large,tc_public_28,9,zero-gain guard bucket,small|near_aig|not_sop|po_small,small,520,7,0.260640,10.2890625,520,7,passed,ok,520,7,selected_raw,false,,false,,0,0,0.102978,0.075642,0.063755,0.242375,8.906,0.929921,0.865604,0,0,results\pipeline_search2\smoke\aig_resyn_dc2_tail\tc_public_28\selected.blif,results\pipeline_search2\smoke\aig_resyn_dc2_tail\tc_public_28\raw.candidate.blif,results\pipeline_search2\smoke\aig_resyn_dc2_tail\tc_public_28\logs,032c2165c9508b23f5ccab714de6455c03ea27d257ea4599627f0945f0d1fd08
smoke,SMOKE_ONLY_FILTER_NOT_FINAL_CONCLUSION,aig_resyn_family,aig_resyn_dc2_tail,74c646ab565b,pipeline,true,false,strash; balance; rewrite -z; refactor -z; dc2; balance,strash; balance; rewrite -z; refactor -z; dc2; balance,default,tiny|small|medium|large,tc_public_16,10,tiny non-SOP non-AIG guard bucket,tiny|non_aig|not_sop|po_tiny,tiny,45,6,0.251822,9.9296875,45,6,passed,ok,45,6,selected_raw,false,,false,,0,0,0.082583,0.065986,0.060956,0.209525,9.332,0.832038,0.939811,0,0,results\pipeline_search2\smoke\aig_resyn_dc2_tail\tc_public_16\selected.blif,results\pipeline_search2\smoke\aig_resyn_dc2_tail\tc_public_16\raw.candidate.blif,results\pipeline_search2\smoke\aig_resyn_dc2_tail\tc_public_16\logs,b51590c11a7d3106481e1920839a70702d00f1cb54acf5e139705dca9aa8e97f
smoke,SMOKE_ONLY_FILTER_NOT_FINAL_CONCLUSION,aig_resyn_family,aig_resyn_rewrite2,c4a9b4dc71cd,pipeline,true,false,strash; balance; rewrite -z; refactor -z; balance; rewrite -z; refactor -z; balance,strash; balance; rewrite -z; refactor -z; balance; rewrite -z; refactor -z; balance,default,tiny|small|medium|large,tc_public_30,1,largest node gain vs baseline,large|near_aig|not_sop|po_small,large,6613,21,2.162263,31.3046875,7105,21,passed,metric_regression,6613,21,fallback_current_final,true,metric_regression: nodes_worse:492,true,nodes_worse:492,492,0,0.343878,1.494580,0.059802,1.898260,32.121,0.877904,1.026079,0,0,results\pipeline_search2\smoke\aig_resyn_rewrite2\tc_public_30\selected.blif,results\pipeline_search2\smoke\aig_resyn_rewrite2\tc_public_30\raw.candidate.blif,results\pipeline_search2\smoke\aig_resyn_rewrite2\tc_public_30\logs,edcaf0c8f78663a61c1e9d67062da6056ee6f1cf10af5988eec2d07adcc7c711
smoke,SMOKE_ONLY_FILTER_NOT_FINAL_CONCLUSION,aig_resyn_family,aig_resyn_rewrite2,c4a9b4dc71cd,pipeline,true,false,strash; balance; rewrite -z; refactor -z; balance; rewrite -z; refactor -z; balance,strash; balance; rewrite -z; refactor -z; balance; rewrite -z; refactor -z; balance,default,tiny|small|medium|large,tc_public_14,2,max-level pressure case; large near-two-input AIG with medium output bin,large|near_aig|not_sop|po_medium,large,3703,25,0.586281,19.07421875,4189,24,passed,metric_regression,3703,25,fallback_current_final,true,metric_regression: nodes_worse:486,true,nodes_worse:486,486,-1,0.205013,0.169738,0.060546,0.435297,19.242,0.742471,1.008806,0,0,results\pipeline_search2\smoke\aig_resyn_rewrite2\tc_public_14\selected.blif,results\pipeline_search2\smoke\aig_resyn_rewrite2\tc_public_14\raw.candidate.blif,results\pipeline_search2\smoke\aig_resyn_rewrite2\tc_public_14\logs,8f6856f6a2be93a6e9e2f9adb0fa9e39402fdae83f5ab0fac80ebb268c826ef1
smoke,SMOKE_ONLY_FILTER_NOT_FINAL_CONCLUSION,aig_resyn_family,aig_resyn_rewrite2,c4a9b4dc71cd,pipeline,true,false,strash; balance; rewrite -z; refactor -z; balance; rewrite -z; refactor -z; balance,strash; balance; rewrite -z; refactor -z; balance; rewrite -z; refactor -z; balance,default,tiny|small|medium|large,tc_public_22,3,large near-two-input AIG with small output bin,large|near_aig|not_sop|po_small,large,11067,20,3.665116,30.44140625,11196,20,passed,ok,11196,20,selected_raw,false,,false,,129,0,0.563226,0.723909,0.084500,1.371635,28.605,0.374241,0.939689,0,0,results\pipeline_search2\smoke\aig_resyn_rewrite2\tc_public_22\selected.blif,results\pipeline_search2\smoke\aig_resyn_rewrite2\tc_public_22\raw.candidate.blif,results\pipeline_search2\smoke\aig_resyn_rewrite2\tc_public_22\logs,b59244651832cdb1e9eafb6b762f8bee2ee0a39f758bad1134992ac524b55d28
smoke,SMOKE_ONLY_FILTER_NOT_FINAL_CONCLUSION,aig_resyn_family,aig_resyn_rewrite2,c4a9b4dc71cd,pipeline,true,false,strash; balance; rewrite -z; refactor -z; balance; rewrite -z; refactor -z; balance,strash; balance; rewrite -z; refactor -z; balance; rewrite -z; refactor -z; balance,default,tiny|small|medium|large,tc_public_12,4,medium non-AIG selector rewrite bucket,medium|non_aig|not_sop|po_large,medium,1385,13,0.346738,13.5625,1385,13,passed,ok,1385,13,selected_raw,false,,false,,0,0,0.120976,0.100353,0.060942,0.282271,13.250,0.814077,0.976959,0,0,results\pipeline_search2\smoke\aig_resyn_rewrite2\tc_public_12\selected.blif,results\pipeline_search2\smoke\aig_resyn_rewrite2\tc_public_12\raw.candidate.blif,results\pipeline_search2\smoke\aig_resyn_rewrite2\tc_public_12\logs,e2aeb45b63f731a707c891e5504c681197fb2e1febc6f38d168bddf3ff7cd555
smoke,SMOKE_ONLY_FILTER_NOT_FINAL_CONCLUSION,aig_resyn_family,aig_resyn_rewrite2,c4a9b4dc71cd,pipeline,true,false,strash; balance; rewrite -z; refactor -z; balance; rewrite -z; refactor -z; balance,strash; balance; rewrite -z; refactor -z; balance; rewrite -z; refactor -z; balance,default,tiny|small|medium|large,tc_public_23,5,medium near-two-input AIG bucket,medium|near_aig|not_sop|po_tiny,medium,1530,16,0.312543,12.61328125,1530,16,passed,ok,1530,16,selected_raw,false,,false,,0,0,0.117072,0.080791,0.059558,0.257421,12.633,0.823634,1.001548,0,0,results\pipeline_search2\smoke\aig_resyn_rewrite2\tc_public_23\selected.blif,results\pipeline_search2\smoke\aig_resyn_rewrite2\tc_public_23\raw.candidate.blif,results\pipeline_search2\smoke\aig_resyn_rewrite2\tc_public_23\logs,f01438a8696a288e26b5a393d05177396d2a5665765ac8e4823bf79d83af4b03
smoke,SMOKE_ONLY_FILTER_NOT_FINAL_CONCLUSION,aig_resyn_family,aig_resyn_rewrite2,c4a9b4dc71cd,pipeline,true,false,strash; balance; rewrite -z; refactor -z; balance; rewrite -z; refactor -z; balance,strash; balance; rewrite -z; refactor -z; balance; rewrite -z; refactor -z; balance,default,tiny|small|medium|large,tc_public_9,6,tiny high-fanin SOP bucket,tiny|non_aig|high_sop|po_medium,tiny,224,5,0.284901,10.55859375,224,5,passed,ok,224,5,selected_raw,false,,false,,0,0,0.080071,0.081997,0.062683,0.224751,10.551,0.788873,0.999260,0,0,results\pipeline_search2\smoke\aig_resyn_rewrite2\tc_public_9\selected.blif,results\pipeline_search2\smoke\aig_resyn_rewrite2\tc_public_9\raw.candidate.blif,results\pipeline_search2\smoke\aig_resyn_rewrite2\tc_public_9\logs,4edccfa6ab403e62bbc0eff31d789b3a590be9c6793ece871fa372e45d61b356
smoke,SMOKE_ONLY_FILTER_NOT_FINAL_CONCLUSION,aig_resyn_family,aig_resyn_rewrite2,c4a9b4dc71cd,pipeline,true,false,strash; balance; rewrite -z; refactor -z; balance; rewrite -z; refactor -z; balance,strash; balance; rewrite -z; refactor -z; balance; rewrite -z; refactor -z; balance,default,tiny|small|medium|large,tc_public_7,7,small high-fanin SOP bucket,small|non_aig|high_sop|po_medium,small,252,3,0.270967,10.65234375,252,3,passed,ok,252,3,selected_raw,false,,false,,0,0,0.085866,0.080884,0.059357,0.226107,10.621,0.834446,0.997066,0,0,results\pipeline_search2\smoke\aig_resyn_rewrite2\tc_public_7\selected.blif,results\pipeline_search2\smoke\aig_resyn_rewrite2\tc_public_7\raw.candidate.blif,results\pipeline_search2\smoke\aig_resyn_rewrite2\tc_public_7\logs,49e6da1b69bc78dfba5da8d9329393eb83a6db421afbad18f8fa80c6ca3e8f14
smoke,SMOKE_ONLY_FILTER_NOT_FINAL_CONCLUSION,aig_resyn_family,aig_resyn_rewrite2,c4a9b4dc71cd,pipeline,true,false,strash; balance; rewrite -z; refactor -z; balance; rewrite -z; refactor -z; balance,strash; balance; rewrite -z; refactor -z; balance; rewrite -z; refactor -z; balance,default,tiny|small|medium|large,tc_public_15,8,small near-two-input AIG bucket,small|near_aig|not_sop|po_medium,small,927,11,0.323562,10.890625,927,10,passed,ok,927,10,selected_raw,false,,false,,0,-1,0.097849,0.081667,0.061424,0.240940,10.797,0.744648,0.991392,0,0,results\pipeline_search2\smoke\aig_resyn_rewrite2\tc_public_15\selected.blif,results\pipeline_search2\smoke\aig_resyn_rewrite2\tc_public_15\raw.candidate.blif,results\pipeline_search2\smoke\aig_resyn_rewrite2\tc_public_15\logs,cc6975011dfd5e00f37ec1ff109371a726b475fb95808d12f96c88a6fb3d3947
smoke,SMOKE_ONLY_FILTER_NOT_FINAL_CONCLUSION,aig_resyn_family,aig_resyn_rewrite2,c4a9b4dc71cd,pipeline,true,false,strash; balance; rewrite -z; refactor -z; balance; rewrite -z; refactor -z; balance,strash; balance; rewrite -z; refactor -z; balance; rewrite -z; refactor -z; balance,default,tiny|small|medium|large,tc_public_28,9,zero-gain guard bucket,small|near_aig|not_sop|po_small,small,520,7,0.260640,10.2890625,520,7,passed,ok,520,7,selected_raw,false,,false,,0,0,0.113099,0.090907,0.068175,0.272181,10.684,1.044277,1.038345,0,0,results\pipeline_search2\smoke\aig_resyn_rewrite2\tc_public_28\selected.blif,results\pipeline_search2\smoke\aig_resyn_rewrite2\tc_public_28\raw.candidate.blif,results\pipeline_search2\smoke\aig_resyn_rewrite2\tc_public_28\logs,fa74c71a7a43c800b7980690aae5c0043a34238ef0529b10f31429606f75c0a0
smoke,SMOKE_ONLY_FILTER_NOT_FINAL_CONCLUSION,aig_resyn_family,aig_resyn_rewrite2,c4a9b4dc71cd,pipeline,true,false,strash; balance; rewrite -z; refactor -z; balance; rewrite -z; refactor -z; balance,strash; balance; rewrite -z; refactor -z; balance; rewrite -z; refactor -z; balance,default,tiny|small|medium|large,tc_public_16,10,tiny non-SOP non-AIG guard bucket,tiny|non_aig|not_sop|po_tiny,tiny,45,6,0.251822,9.9296875,45,6,passed,ok,45,6,selected_raw,false,,false,,0,0,0.082044,0.060603,0.063591,0.206238,9.926,0.818985,0.999607,0,0,results\pipeline_search2\smoke\aig_resyn_rewrite2\tc_public_16\selected.blif,results\pipeline_search2\smoke\aig_resyn_rewrite2\tc_public_16\raw.candidate.blif,results\pipeline_search2\smoke\aig_resyn_rewrite2\tc_public_16\logs,fc0e90404bef63295352abf15a2944ed4ccc1b7a896d653f411aa291e24ef527
smoke,SMOKE_ONLY_FILTER_NOT_FINAL_CONCLUSION,aig_resyn_family,aig_resyn_resub_light,4f276962b562,pipeline,true,false,strash; balance; rewrite -z; resub; refactor -z; balance,strash; balance; rewrite -z; resub; refactor -z; balance,default,tiny|small|medium|large,tc_public_30,1,largest node gain vs baseline,large|near_aig|not_sop|po_small,large,6613,21,2.162263,31.3046875,8527,22,passed,metric_regression,6613,21,fallback_current_final,true,metric_regression: nodes_worse:1914,true,nodes_worse:1914,1914,1,0.380525,1.067576,0.062662,1.510763,30.137,0.698695,0.962690,0,0,results\pipeline_search2\smoke\aig_resyn_resub_light\tc_public_30\selected.blif,results\pipeline_search2\smoke\aig_resyn_resub_light\tc_public_30\raw.candidate.blif,results\pipeline_search2\smoke\aig_resyn_resub_light\tc_public_30\logs,28d7f526edfbfda20f403c4ac6e20e24e2f3f897fd8cd8d9edddba3f0b121f48
smoke,SMOKE_ONLY_FILTER_NOT_FINAL_CONCLUSION,aig_resyn_family,aig_resyn_resub_light,4f276962b562,pipeline,true,false,strash; balance; rewrite -z; resub; refactor -z; balance,strash; balance; rewrite -z; resub; refactor -z; balance,default,tiny|small|medium|large,tc_public_14,2,max-level pressure case; large near-two-input AIG with medium output bin,large|near_aig|not_sop|po_medium,large,3703,25,0.586281,19.07421875,4413,25,passed,metric_regression,3703,25,fallback_current_final,true,metric_regression: nodes_worse:710,true,nodes_worse:710,710,0,0.193729,0.135955,0.060056,0.389740,18.211,0.664766,0.954741,0,0,results\pipeline_search2\smoke\aig_resyn_resub_light\tc_public_14\selected.blif,results\pipeline_search2\smoke\aig_resyn_resub_light\tc_public_14\raw.candidate.blif,results\pipeline_search2\smoke\aig_resyn_resub_light\tc_public_14\logs,715830e120bc548cdec68acafd8e702d4c022eb792763191655d199322eef28b
smoke,SMOKE_ONLY_FILTER_NOT_FINAL_CONCLUSION,aig_resyn_family,aig_resyn_resub_light,4f276962b562,pipeline,true,false,strash; balance; rewrite -z; resub; refactor -z; balance,strash; balance; rewrite -z; resub; refactor -z; balance,default,tiny|small|medium|large,tc_public_22,3,large near-two-input AIG with small output bin,large|near_aig|not_sop|po_small,large,11067,20,3.665116,30.44140625,11283,20,passed,ok,11283,20,selected_raw,false,,false,,216,0,0.372409,0.755493,0.080083,1.207985,30.402,0.329590,0.998717,0,0,results\pipeline_search2\smoke\aig_resyn_resub_light\tc_public_22\selected.blif,results\pipeline_search2\smoke\aig_resyn_resub_light\tc_public_22\raw.candidate.blif,results\pipeline_search2\smoke\aig_resyn_resub_light\tc_public_22\logs,974b49e3e6db81895b8f117e83a2931da980f588e839ee2d35f6abc7238e39a1
smoke,SMOKE_ONLY_FILTER_NOT_FINAL_CONCLUSION,aig_resyn_family,aig_resyn_resub_light,4f276962b562,pipeline,true,false,strash; balance; rewrite -z; resub; refactor -z; balance,strash; balance; rewrite -z; resub; refactor -z; balance,default,tiny|small|medium|large,tc_public_12,4,medium non-AIG selector rewrite bucket,medium|non_aig|not_sop|po_large,medium,1385,13,0.346738,13.5625,1405,13,passed,ok,1405,13,selected_raw,false,,false,,20,0,0.096305,0.080343,0.060890,0.237538,10.801,0.685066,0.796371,0,0,results\pipeline_search2\smoke\aig_resyn_resub_light\tc_public_12\selected.blif,results\pipeline_search2\smoke\aig_resyn_resub_light\tc_public_12\raw.candidate.blif,results\pipeline_search2\smoke\aig_resyn_resub_light\tc_public_12\logs,1dcea85711d9c2c84c80ed95edc0d3462da5a6e944f45bdf1e7f3116ff12a4c1
smoke,SMOKE_ONLY_FILTER_NOT_FINAL_CONCLUSION,aig_resyn_family,aig_resyn_resub_light,4f276962b562,pipeline,true,false,strash; balance; rewrite -z; resub; refactor -z; balance,strash; balance; rewrite -z; resub; refactor -z; balance,default,tiny|small|medium|large,tc_public_23,5,medium near-two-input AIG bucket,medium|near_aig|not_sop|po_tiny,medium,1530,16,0.312543,12.61328125,1530,16,passed,ok,1530,16,selected_raw,false,,false,,0,0,0.098071,0.082678,0.059963,0.240712,10.234,0.770172,0.811397,0,0,results\pipeline_search2\smoke\aig_resyn_resub_light\tc_public_23\selected.blif,results\pipeline_search2\smoke\aig_resyn_resub_light\tc_public_23\raw.candidate.blif,results\pipeline_search2\smoke\aig_resyn_resub_light\tc_public_23\logs,b3a14712bb108607d6501a6a67234bc719414460c4f52a6020a476576af3a58f
smoke,SMOKE_ONLY_FILTER_NOT_FINAL_CONCLUSION,aig_resyn_family,aig_resyn_resub_light,4f276962b562,pipeline,true,false,strash; balance; rewrite -z; resub; refactor -z; balance,strash; balance; rewrite -z; resub; refactor -z; balance,default,tiny|small|medium|large,tc_public_9,6,tiny high-fanin SOP bucket,tiny|non_aig|high_sop|po_medium,tiny,224,5,0.284901,10.55859375,224,5,passed,ok,224,5,selected_raw,false,,false,,0,0,0.080115,0.080857,0.060309,0.221281,10.020,0.776694,0.948946,0,0,results\pipeline_search2\smoke\aig_resyn_resub_light\tc_public_9\selected.blif,results\pipeline_search2\smoke\aig_resyn_resub_light\tc_public_9\raw.candidate.blif,results\pipeline_search2\smoke\aig_resyn_resub_light\tc_public_9\logs,372423169845b5405cc94a6ae19c4caf01adaa715c89d2b3faa1f0902f5f9559
smoke,SMOKE_ONLY_FILTER_NOT_FINAL_CONCLUSION,aig_resyn_family,aig_resyn_resub_light,4f276962b562,pipeline,true,false,strash; balance; rewrite -z; resub; refactor -z; balance,strash; balance; rewrite -z; resub; refactor -z; balance,default,tiny|small|medium|large,tc_public_7,7,small high-fanin SOP bucket,small|non_aig|high_sop|po_medium,small,252,3,0.270967,10.65234375,252,3,passed,ok,252,3,selected_raw,false,,false,,0,0,0.079607,0.080778,0.060409,0.220794,10.668,0.814838,1.001467,0,0,results\pipeline_search2\smoke\aig_resyn_resub_light\tc_public_7\selected.blif,results\pipeline_search2\smoke\aig_resyn_resub_light\tc_public_7\raw.candidate.blif,results\pipeline_search2\smoke\aig_resyn_resub_light\tc_public_7\logs,cb935749aacb0a3232861af17a3dd3ac89a79a8948bd21226ec4a9194d821ef3
smoke,SMOKE_ONLY_FILTER_NOT_FINAL_CONCLUSION,aig_resyn_family,aig_resyn_resub_light,4f276962b562,pipeline,true,false,strash; balance; rewrite -z; resub; refactor -z; balance,strash; balance; rewrite -z; resub; refactor -z; balance,default,tiny|small|medium|large,tc_public_15,8,small near-two-input AIG bucket,small|near_aig|not_sop|po_medium,small,927,11,0.323562,10.890625,928,10,passed,ok,928,10,selected_raw,false,,false,,1,-1,0.096981,0.082073,0.060280,0.239334,10.707,0.739685,0.983142,0,0,results\pipeline_search2\smoke\aig_resyn_resub_light\tc_public_15\selected.blif,results\pipeline_search2\smoke\aig_resyn_resub_light\tc_public_15\raw.candidate.blif,results\pipeline_search2\smoke\aig_resyn_resub_light\tc_public_15\logs,1e49bb3459dbddadffcff24dd505c9c1086faa743e6f71e2eca7795724b33005
smoke,SMOKE_ONLY_FILTER_NOT_FINAL_CONCLUSION,aig_resyn_family,aig_resyn_resub_light,4f276962b562,pipeline,true,false,strash; balance; rewrite -z; resub; refactor -z; balance,strash; balance; rewrite -z; resub; refactor -z; balance,default,tiny|small|medium|large,tc_public_28,9,zero-gain guard bucket,small|near_aig|not_sop|po_small,small,520,7,0.260640,10.2890625,520,7,passed,ok,520,7,selected_raw,false,,false,,0,0,0.082164,0.080651,0.064019,0.226834,10.309,0.870295,1.001898,0,0,results\pipeline_search2\smoke\aig_resyn_resub_light\tc_public_28\selected.blif,results\pipeline_search2\smoke\aig_resyn_resub_light\tc_public_28\raw.candidate.blif,results\pipeline_search2\smoke\aig_resyn_resub_light\tc_public_28\logs,330915ee6e4c4d19d2e88e2ea954bd5963a0d5cbc51b260e9546c4d96244a50a
smoke,SMOKE_ONLY_FILTER_NOT_FINAL_CONCLUSION,aig_resyn_family,aig_resyn_resub_light,4f276962b562,pipeline,true,false,strash; balance; rewrite -z; resub; refactor -z; balance,strash; balance; rewrite -z; resub; refactor -z; balance,default,tiny|small|medium|large,tc_public_16,10,tiny non-SOP non-AIG guard bucket,tiny|non_aig|not_sop|po_tiny,tiny,45,6,0.251822,9.9296875,45,6,passed,ok,45,6,selected_raw,false,,false,,0,0,0.080875,0.058682,0.061923,0.201480,9.930,0.800091,1.000000,0,0,results\pipeline_search2\smoke\aig_resyn_resub_light\tc_public_16\selected.blif,results\pipeline_search2\smoke\aig_resyn_resub_light\tc_public_16\raw.candidate.blif,results\pipeline_search2\smoke\aig_resyn_resub_light\tc_public_16\logs,af2aa883db3f4c5d5e2239765e9a489d4e8a11a5d0f5b308aa6b536185861c66
smoke,SMOKE_ONLY_FILTER_NOT_FINAL_CONCLUSION,aig_resyn_family,aig_resyn_resub_zero,60777e0c5b48,pipeline,true,false,strash; balance; rewrite -z; resub -z; refactor -z; dc2; balance,strash; balance; rewrite -z; resub -z; refactor -z; dc2; balance,default,tiny|small|medium|large,tc_public_30,1,largest node gain vs baseline,large|near_aig|not_sop|po_small,large,6613,21,2.162263,31.3046875,6330,21,passed,ok,6330,21,selected_raw,false,,false,,-283,0,0.560263,1.464683,0.060314,2.085260,31.324,0.964388,1.000624,0,0,results\pipeline_search2\smoke\aig_resyn_resub_zero\tc_public_30\selected.blif,results\pipeline_search2\smoke\aig_resyn_resub_zero\tc_public_30\raw.candidate.blif,results\pipeline_search2\smoke\aig_resyn_resub_zero\tc_public_30\logs,156631da03ddb6812fd17145455129329dcdfee162dd93fe8bfb11d060256c62
smoke,SMOKE_ONLY_FILTER_NOT_FINAL_CONCLUSION,aig_resyn_family,aig_resyn_resub_zero,60777e0c5b48,pipeline,true,false,strash; balance; rewrite -z; resub -z; refactor -z; dc2; balance,strash; balance; rewrite -z; resub -z; refactor -z; dc2; balance,default,tiny|small|medium|large,tc_public_14,2,max-level pressure case; large near-two-input AIG with medium output bin,large|near_aig|not_sop|po_medium,large,3703,25,0.586281,19.07421875,3661,25,passed,ok,3661,25,selected_raw,false,,false,,-42,0,0.298800,0.153966,0.066323,0.519089,19.004,0.885392,0.996314,0,0,results\pipeline_search2\smoke\aig_resyn_resub_zero\tc_public_14\selected.blif,results\pipeline_search2\smoke\aig_resyn_resub_zero\tc_public_14\raw.candidate.blif,results\pipeline_search2\smoke\aig_resyn_resub_zero\tc_public_14\logs,e9dcf8d3dacf670f90d14d773a65b57303938a3567dc57fa09870d865491f266
smoke,SMOKE_ONLY_FILTER_NOT_FINAL_CONCLUSION,aig_resyn_family,aig_resyn_resub_zero,60777e0c5b48,pipeline,true,false,strash; balance; rewrite -z; resub -z; refactor -z; dc2; balance,strash; balance; rewrite -z; resub -z; refactor -z; dc2; balance,default,tiny|small|medium|large,tc_public_22,3,large near-two-input AIG with small output bin,large|near_aig|not_sop|po_small,large,11067,20,3.665116,30.44140625,11067,20,passed,ok,11067,20,selected_raw,false,,false,,0,0,2.500159,0.925682,0.083795,3.509636,30.195,0.957578,0.991916,0,0,results\pipeline_search2\smoke\aig_resyn_resub_zero\tc_public_22\selected.blif,results\pipeline_search2\smoke\aig_resyn_resub_zero\tc_public_22\raw.candidate.blif,results\pipeline_search2\smoke\aig_resyn_resub_zero\tc_public_22\logs,0956a2c92952c23f6060f8aed97c098c48927996846d0e365a5f9228af6f78f7
smoke,SMOKE_ONLY_FILTER_NOT_FINAL_CONCLUSION,aig_resyn_family,aig_resyn_resub_zero,60777e0c5b48,pipeline,true,false,strash; balance; rewrite -z; resub -z; refactor -z; dc2; balance,strash; balance; rewrite -z; resub -z; refactor -z; dc2; balance,default,tiny|small|medium|large,tc_public_12,4,medium non-AIG selector rewrite bucket,medium|non_aig|not_sop|po_large,medium,1385,13,0.346738,13.5625,1385,14,passed,ok,1385,14,selected_raw,false,,false,,0,1,0.150769,0.095131,0.059093,0.304993,11.070,0.879608,0.816244,0,0,results\pipeline_search2\smoke\aig_resyn_resub_zero\tc_public_12\selected.blif,results\pipeline_search2\smoke\aig_resyn_resub_zero\tc_public_12\raw.candidate.blif,results\pipeline_search2\smoke\aig_resyn_resub_zero\tc_public_12\logs,0e3d8afd7d4e52bd94c1ff967470b903a994a6e71a3ded2b6d33b12d19dae87c
smoke,SMOKE_ONLY_FILTER_NOT_FINAL_CONCLUSION,aig_resyn_family,aig_resyn_resub_zero,60777e0c5b48,pipeline,true,false,strash; balance; rewrite -z; resub -z; refactor -z; dc2; balance,strash; balance; rewrite -z; resub -z; refactor -z; dc2; balance,default,tiny|small|medium|large,tc_public_23,5,medium near-two-input AIG bucket,medium|near_aig|not_sop|po_tiny,medium,1530,16,0.312543,12.61328125,1530,16,passed,ok,1530,16,selected_raw,false,,false,,0,0,0.136104,0.082547,0.061823,0.280474,11.195,0.897393,0.887581,0,0,results\pipeline_search2\smoke\aig_resyn_resub_zero\tc_public_23\selected.blif,results\pipeline_search2\smoke\aig_resyn_resub_zero\tc_public_23\raw.candidate.blif,results\pipeline_search2\smoke\aig_resyn_resub_zero\tc_public_23\logs,ca1c6c2ab7254c5a324e88a7ef52d49c0a487918728b617ddcc4aef4b4865cb2
smoke,SMOKE_ONLY_FILTER_NOT_FINAL_CONCLUSION,aig_resyn_family,aig_resyn_resub_zero,60777e0c5b48,pipeline,true,false,strash; balance; rewrite -z; resub -z; refactor -z; dc2; balance,strash; balance; rewrite -z; resub -z; refactor -z; dc2; balance,default,tiny|small|medium|large,tc_public_9,6,tiny high-fanin SOP bucket,tiny|non_aig|high_sop|po_medium,tiny,224,5,0.284901,10.55859375,224,5,passed,ok,224,5,selected_raw,false,,false,,0,0,0.098738,0.083659,0.060811,0.243208,10.559,0.853657,1.000000,0,0,results\pipeline_search2\smoke\aig_resyn_resub_zero\tc_public_9\selected.blif,results\pipeline_search2\smoke\aig_resyn_resub_zero\tc_public_9\raw.candidate.blif,results\pipeline_search2\smoke\aig_resyn_resub_zero\tc_public_9\logs,4be15c44087bdd398315313d9bfa20310ab628c335276e0e4b43d935f383d0e1
smoke,SMOKE_ONLY_FILTER_NOT_FINAL_CONCLUSION,aig_resyn_family,aig_resyn_resub_zero,60777e0c5b48,pipeline,true,false,strash; balance; rewrite -z; resub -z; refactor -z; dc2; balance,strash; balance; rewrite -z; resub -z; refactor -z; dc2; balance,default,tiny|small|medium|large,tc_public_7,7,small high-fanin SOP bucket,small|non_aig|high_sop|po_medium,small,252,3,0.270967,10.65234375,252,3,passed,ok,252,3,selected_raw,false,,false,,0,0,0.105835,0.083798,0.061674,0.251307,10.633,0.927446,0.998166,0,0,results\pipeline_search2\smoke\aig_resyn_resub_zero\tc_public_7\selected.blif,results\pipeline_search2\smoke\aig_resyn_resub_zero\tc_public_7\raw.candidate.blif,results\pipeline_search2\smoke\aig_resyn_resub_zero\tc_public_7\logs,173495f998e4b686eb284f1fc783834ee4390967fc7d545f915e2ffe1d49599e
smoke,SMOKE_ONLY_FILTER_NOT_FINAL_CONCLUSION,aig_resyn_family,aig_resyn_resub_zero,60777e0c5b48,pipeline,true,false,strash; balance; rewrite -z; resub -z; refactor -z; dc2; balance,strash; balance; rewrite -z; resub -z; refactor -z; dc2; balance,default,tiny|small|medium|large,tc_public_15,8,small near-two-input AIG bucket,small|near_aig|not_sop|po_medium,small,927,11,0.323562,10.890625,927,11,passed,ok,927,11,selected_raw,false,,false,,0,0,0.117586,0.096136,0.059083,0.272805,11.801,0.843130,1.083572,0,0,results\pipeline_search2\smoke\aig_resyn_resub_zero\tc_public_15\selected.blif,results\pipeline_search2\smoke\aig_resyn_resub_zero\tc_public_15\raw.candidate.blif,results\pipeline_search2\smoke\aig_resyn_resub_zero\tc_public_15\logs,947bd9a1f1dcb749cd448eca91c6e770d33ce8a706396927fe96b5bed7cdbb1a
smoke,SMOKE_ONLY_FILTER_NOT_FINAL_CONCLUSION,aig_resyn_family,aig_resyn_resub_zero,60777e0c5b48,pipeline,true,false,strash; balance; rewrite -z; resub -z; refactor -z; dc2; balance,strash; balance; rewrite -z; resub -z; refactor -z; dc2; balance,default,tiny|small|medium|large,tc_public_28,9,zero-gain guard bucket,small|near_aig|not_sop|po_small,small,520,7,0.260640,10.2890625,520,7,passed,ok,520,7,selected_raw,false,,false,,0,0,0.099005,0.083924,0.061150,0.244079,10.277,0.936458,0.998861,0,0,results\pipeline_search2\smoke\aig_resyn_resub_zero\tc_public_28\selected.blif,results\pipeline_search2\smoke\aig_resyn_resub_zero\tc_public_28\raw.candidate.blif,results\pipeline_search2\smoke\aig_resyn_resub_zero\tc_public_28\logs,74c650cb6b82c0f7301d9f76cb4dfb3d652f50b4ff67d2f3dc5d653a84d4e5dd
smoke,SMOKE_ONLY_FILTER_NOT_FINAL_CONCLUSION,aig_resyn_family,aig_resyn_resub_zero,60777e0c5b48,pipeline,true,false,strash; balance; rewrite -z; resub -z; refactor -z; dc2; balance,strash; balance; rewrite -z; resub -z; refactor -z; dc2; balance,default,tiny|small|medium|large,tc_public_16,10,tiny non-SOP non-AIG guard bucket,tiny|non_aig|not_sop|po_tiny,tiny,45,6,0.251822,9.9296875,45,6,passed,ok,45,6,selected_raw,false,,false,,0,0,0.081397,0.061043,0.059403,0.201843,9.918,0.801532,0.998820,0,0,results\pipeline_search2\smoke\aig_resyn_resub_zero\tc_public_16\selected.blif,results\pipeline_search2\smoke\aig_resyn_resub_zero\tc_public_16\raw.candidate.blif,results\pipeline_search2\smoke\aig_resyn_resub_zero\tc_public_16\logs,89b85d0c0fae193f8dec7f5840870ae8ab886012f619e0a2701d508507f0ba84
smoke,SMOKE_ONLY_FILTER_NOT_FINAL_CONCLUSION,dc2_dch_family,dc2_dch_basic,e42a1ad5d4c3,pipeline,true,false,strash; dch; dc2; balance; rewrite -z; refactor -z; balance,strash; dch; dc2; balance; rewrite -z; refactor -z; balance,default,tiny|small|medium|large,tc_public_30,1,largest node gain vs baseline,large|near_aig|not_sop|po_small,large,6613,21,2.162263,31.3046875,6960,21,passed,metric_regression,6613,21,fallback_current_final,true,metric_regression: nodes_worse:347,true,nodes_worse:347,347,0,3.572318,1.084788,0.063533,4.720639,30.086,2.183194,0.961068,0,0,results\pipeline_search2\smoke\dc2_dch_basic\tc_public_30\selected.blif,results\pipeline_search2\smoke\dc2_dch_basic\tc_public_30\raw.candidate.blif,results\pipeline_search2\smoke\dc2_dch_basic\tc_public_30\logs,ccc33ca7c518546a955b14e94a47cd6dd1c3542e715ecaed965edc6f916429a3
smoke,SMOKE_ONLY_FILTER_NOT_FINAL_CONCLUSION,dc2_dch_family,dc2_dch_basic,e42a1ad5d4c3,pipeline,true,false,strash; dch; dc2; balance; rewrite -z; refactor -z; balance,strash; dch; dc2; balance; rewrite -z; refactor -z; balance,default,tiny|small|medium|large,tc_public_14,2,max-level pressure case; large near-two-input AIG with medium output bin,large|near_aig|not_sop|po_medium,large,3703,25,0.586281,19.07421875,2566,21,passed,metric_regression,3703,25,fallback_current_final,true,metric_regression: runtime_ratio:2.863,true,runtime_ratio:2.863,-1137,-4,1.468243,0.134723,0.075586,1.678552,18.434,2.863049,0.966414,0,0,results\pipeline_search2\smoke\dc2_dch_basic\tc_public_14\selected.blif,results\pipeline_search2\smoke\dc2_dch_basic\tc_public_14\raw.candidate.blif,results\pipeline_search2\smoke\dc2_dch_basic\tc_public_14\logs,afc78dee09fe2c4648016b5fc716657248058022dde244d0e81da7cdc42608b4
smoke,SMOKE_ONLY_FILTER_NOT_FINAL_CONCLUSION,dc2_dch_family,dc2_dch_basic,e42a1ad5d4c3,pipeline,true,false,strash; dch; dc2; balance; rewrite -z; refactor -z; balance,strash; dch; dc2; balance; rewrite -z; refactor -z; balance,default,tiny|small|medium|large,tc_public_22,3,large near-two-input AIG with small output bin,large|near_aig|not_sop|po_small,large,11067,20,3.665116,30.44140625,10761,20,passed,ok,10761,20,selected_raw,false,,false,,-306,0,5.060506,1.529488,0.080882,6.670876,30.281,1.820100,0.994739,0,0,results\pipeline_search2\smoke\dc2_dch_basic\tc_public_22\selected.blif,results\pipeline_search2\smoke\dc2_dch_basic\tc_public_22\raw.candidate.blif,results\pipeline_search2\smoke\dc2_dch_basic\tc_public_22\logs,4456c92a00f54874d76318d850e4830a5e002c3025c87815d97559e330b66b7f
smoke,SMOKE_ONLY_FILTER_NOT_FINAL_CONCLUSION,dc2_dch_family,dc2_dch_basic,e42a1ad5d4c3,pipeline,true,false,strash; dch; dc2; balance; rewrite -z; refactor -z; balance,strash; dch; dc2; balance; rewrite -z; refactor -z; balance,default,tiny|small|medium|large,tc_public_12,4,medium non-AIG selector rewrite bucket,medium|non_aig|not_sop|po_large,medium,1385,13,0.346738,13.5625,1381,13,passed,ok,1381,13,selected_raw,false,,false,,-4,0,0.168859,0.080178,0.062498,0.311535,13.066,0.898475,0.963422,0,0,results\pipeline_search2\smoke\dc2_dch_basic\tc_public_12\selected.blif,results\pipeline_search2\smoke\dc2_dch_basic\tc_public_12\raw.candidate.blif,results\pipeline_search2\smoke\dc2_dch_basic\tc_public_12\logs,d76290c5a0eb370c94b5c7f9777431b1cf8b9db583eaca0cbf3ec99be4d1e0ec
smoke,SMOKE_ONLY_FILTER_NOT_FINAL_CONCLUSION,dc2_dch_family,dc2_dch_basic,e42a1ad5d4c3,pipeline,true,false,strash; dch; dc2; balance; rewrite -z; refactor -z; balance,strash; dch; dc2; balance; rewrite -z; refactor -z; balance,default,tiny|small|medium|large,tc_public_23,5,medium near-two-input AIG bucket,medium|near_aig|not_sop|po_tiny,medium,1530,16,0.312543,12.61328125,1530,16,passed,ok,1530,16,selected_raw,false,,false,,0,0,0.170354,0.082190,0.060566,0.313110,13.625,1.001814,1.080211,0,0,results\pipeline_search2\smoke\dc2_dch_basic\tc_public_23\selected.blif,results\pipeline_search2\smoke\dc2_dch_basic\tc_public_23\raw.candidate.blif,results\pipeline_search2\smoke\dc2_dch_basic\tc_public_23\logs,a725bd2941323a3dd81e7d02450c16243efec3f1f354530630c0c1e209d1f349
smoke,SMOKE_ONLY_FILTER_NOT_FINAL_CONCLUSION,dc2_dch_family,dc2_dch_basic,e42a1ad5d4c3,pipeline,true,false,strash; dch; dc2; balance; rewrite -z; refactor -z; balance,strash; dch; dc2; balance; rewrite -z; refactor -z; balance,default,tiny|small|medium|large,tc_public_9,6,tiny high-fanin SOP bucket,tiny|non_aig|high_sop|po_medium,tiny,224,5,0.284901,10.55859375,224,5,passed,ok,224,5,selected_raw,false,,false,,0,0,0.097222,0.080944,0.061023,0.239189,10.484,0.839550,0.992971,0,0,results\pipeline_search2\smoke\dc2_dch_basic\tc_public_9\selected.blif,results\pipeline_search2\smoke\dc2_dch_basic\tc_public_9\raw.candidate.blif,results\pipeline_search2\smoke\dc2_dch_basic\tc_public_9\logs,1000455eb0d81bae582d03f373b5f4736e0a63a1637228f2c60231c589fce3c6
smoke,SMOKE_ONLY_FILTER_NOT_FINAL_CONCLUSION,dc2_dch_family,dc2_dch_basic,e42a1ad5d4c3,pipeline,true,false,strash; dch; dc2; balance; rewrite -z; refactor -z; balance,strash; dch; dc2; balance; rewrite -z; refactor -z; balance,default,tiny|small|medium|large,tc_public_7,7,small high-fanin SOP bucket,small|non_aig|high_sop|po_medium,small,252,3,0.270967,10.65234375,252,3,passed,ok,252,3,selected_raw,false,,false,,0,0,0.103055,0.080645,0.059603,0.243303,10.102,0.897908,0.948295,0,0,results\pipeline_search2\smoke\dc2_dch_basic\tc_public_7\selected.blif,results\pipeline_search2\smoke\dc2_dch_basic\tc_public_7\raw.candidate.blif,results\pipeline_search2\smoke\dc2_dch_basic\tc_public_7\logs,63b20d98e12cfbb9907677e3e1a98cdd412430ecea92aef5a6bbddb6f6ecf897
smoke,SMOKE_ONLY_FILTER_NOT_FINAL_CONCLUSION,dc2_dch_family,dc2_dch_basic,e42a1ad5d4c3,pipeline,true,false,strash; dch; dc2; balance; rewrite -z; refactor -z; balance,strash; dch; dc2; balance; rewrite -z; refactor -z; balance,default,tiny|small|medium|large,tc_public_15,8,small near-two-input AIG bucket,small|near_aig|not_sop|po_medium,small,927,11,0.323562,10.890625,922,10,passed,ok,922,10,selected_raw,false,,false,,-5,-1,0.132435,0.098632,0.059088,0.290155,11.184,0.896752,1.026901,0,0,results\pipeline_search2\smoke\dc2_dch_basic\tc_public_15\selected.blif,results\pipeline_search2\smoke\dc2_dch_basic\tc_public_15\raw.candidate.blif,results\pipeline_search2\smoke\dc2_dch_basic\tc_public_15\logs,da703bd9d70a3333a7c1880ab33003dc2fc085c1d14545290a5d89157d9979e6
smoke,SMOKE_ONLY_FILTER_NOT_FINAL_CONCLUSION,dc2_dch_family,dc2_dch_basic,e42a1ad5d4c3,pipeline,true,false,strash; dch; dc2; balance; rewrite -z; refactor -z; balance,strash; dch; dc2; balance; rewrite -z; refactor -z; balance,default,tiny|small|medium|large,tc_public_28,9,zero-gain guard bucket,small|near_aig|not_sop|po_small,small,520,7,0.260640,10.2890625,520,7,passed,ok,520,7,selected_raw,false,,false,,0,0,0.117761,0.082514,0.059288,0.259563,11.453,0.995866,1.113136,0,0,results\pipeline_search2\smoke\dc2_dch_basic\tc_public_28\selected.blif,results\pipeline_search2\smoke\dc2_dch_basic\tc_public_28\raw.candidate.blif,results\pipeline_search2\smoke\dc2_dch_basic\tc_public_28\logs,0c1f5f6d244d5e763ede3ec8372ca6be7be44e78958379695734a174adc9671f
smoke,SMOKE_ONLY_FILTER_NOT_FINAL_CONCLUSION,dc2_dch_family,dc2_dch_basic,e42a1ad5d4c3,pipeline,true,false,strash; dch; dc2; balance; rewrite -z; refactor -z; balance,strash; dch; dc2; balance; rewrite -z; refactor -z; balance,default,tiny|small|medium|large,tc_public_16,10,tiny non-SOP non-AIG guard bucket,tiny|non_aig|not_sop|po_tiny,tiny,45,6,0.251822,9.9296875,45,6,passed,ok,45,6,selected_raw,false,,false,,0,0,0.080355,0.061090,0.060723,0.202168,11.121,0.802823,1.119984,0,0,results\pipeline_search2\smoke\dc2_dch_basic\tc_public_16\selected.blif,results\pipeline_search2\smoke\dc2_dch_basic\tc_public_16\raw.candidate.blif,results\pipeline_search2\smoke\dc2_dch_basic\tc_public_16\logs,4e43b30c985109be905d5627096ca418630dfd59d66f208a75e628ed9fa5b43a
smoke,SMOKE_ONLY_FILTER_NOT_FINAL_CONCLUSION,dc2_dch_family,dc2_dch_force,4e837dbf31e5,pipeline,true,false,strash; dch -f; dc2; balance; rewrite -z; refactor -z; balance,strash; dch -f; dc2; balance; rewrite -z; refactor -z; balance,default,tiny|small|medium|large,tc_public_30,1,largest node gain vs baseline,large|near_aig|not_sop|po_small,large,6613,21,2.162263,31.3046875,6821,20,passed,metric_regression,6613,21,fallback_current_final,true,metric_regression: nodes_worse:208,true,nodes_worse:208,208,-1,3.438753,1.074267,0.060297,4.573317,29.004,2.115061,0.926504,0,0,results\pipeline_search2\smoke\dc2_dch_force\tc_public_30\selected.blif,results\pipeline_search2\smoke\dc2_dch_force\tc_public_30\raw.candidate.blif,results\pipeline_search2\smoke\dc2_dch_force\tc_public_30\logs,8d81284983b608c4325e3f7e00592e5f6a7375019a4e794b7787b07f5fb00a1b
smoke,SMOKE_ONLY_FILTER_NOT_FINAL_CONCLUSION,dc2_dch_family,dc2_dch_force,4e837dbf31e5,pipeline,true,false,strash; dch -f; dc2; balance; rewrite -z; refactor -z; balance,strash; dch -f; dc2; balance; rewrite -z; refactor -z; balance,default,tiny|small|medium|large,tc_public_14,2,max-level pressure case; large near-two-input AIG with medium output bin,large|near_aig|not_sop|po_medium,large,3703,25,0.586281,19.07421875,2636,24,passed,metric_regression,3703,25,fallback_current_final,true,metric_regression: runtime_ratio:2.821,true,runtime_ratio:2.821,-1067,-1,1.455878,0.136607,0.061640,1.654125,18.637,2.821385,0.977063,0,0,results\pipeline_search2\smoke\dc2_dch_force\tc_public_14\selected.blif,results\pipeline_search2\smoke\dc2_dch_force\tc_public_14\raw.candidate.blif,results\pipeline_search2\smoke\dc2_dch_force\tc_public_14\logs,06af436adc7d6c24ae72b51e31fa880ab0d7ae3a2ee783ee95392c295b7b3367
smoke,SMOKE_ONLY_FILTER_NOT_FINAL_CONCLUSION,dc2_dch_family,dc2_dch_force,4e837dbf31e5,pipeline,true,false,strash; dch -f; dc2; balance; rewrite -z; refactor -z; balance,strash; dch -f; dc2; balance; rewrite -z; refactor -z; balance,default,tiny|small|medium|large,tc_public_22,3,large near-two-input AIG with small output bin,large|near_aig|not_sop|po_small,large,11067,20,3.665116,30.44140625,10770,20,passed,ok,10770,20,selected_raw,false,,false,,-297,0,4.236971,1.256935,0.083718,5.577624,30.055,1.521814,0.987296,0,0,results\pipeline_search2\smoke\dc2_dch_force\tc_public_22\selected.blif,results\pipeline_search2\smoke\dc2_dch_force\tc_public_22\raw.candidate.blif,results\pipeline_search2\smoke\dc2_dch_force\tc_public_22\logs,7b4e8c7c549ee29a3f95c9ebba807bcac07fa0be5ebb09306f50b695ad9ea711
smoke,SMOKE_ONLY_FILTER_NOT_FINAL_CONCLUSION,dc2_dch_family,dc2_dch_force,4e837dbf31e5,pipeline,true,false,strash; dch -f; dc2; balance; rewrite -z; refactor -z; balance,strash; dch -f; dc2; balance; rewrite -z; refactor -z; balance,default,tiny|small|medium|large,tc_public_12,4,medium non-AIG selector rewrite bucket,medium|non_aig|not_sop|po_large,medium,1385,13,0.346738,13.5625,1387,14,passed,ok,1387,14,selected_raw,false,,false,,2,1,0.157131,0.082375,0.061241,0.300747,12.078,0.867362,0.890553,0,0,results\pipeline_search2\smoke\dc2_dch_force\tc_public_12\selected.blif,results\pipeline_search2\smoke\dc2_dch_force\tc_public_12\raw.candidate.blif,results\pipeline_search2\smoke\dc2_dch_force\tc_public_12\logs,4cba127218c39dcbd3c7723dcdc6126439b83e1702944bcb20a5debc32bfca4d
smoke,SMOKE_ONLY_FILTER_NOT_FINAL_CONCLUSION,dc2_dch_family,dc2_dch_force,4e837dbf31e5,pipeline,true,false,strash; dch -f; dc2; balance; rewrite -z; refactor -z; balance,strash; dch -f; dc2; balance; rewrite -z; refactor -z; balance,default,tiny|small|medium|large,tc_public_23,5,medium near-two-input AIG bucket,medium|near_aig|not_sop|po_tiny,medium,1530,16,0.312543,12.61328125,1530,16,passed,ok,1530,16,selected_raw,false,,false,,0,0,0.154146,0.080606,0.060618,0.295370,13.641,0.945054,1.081449,0,0,results\pipeline_search2\smoke\dc2_dch_force\tc_public_23\selected.blif,results\pipeline_search2\smoke\dc2_dch_force\tc_public_23\raw.candidate.blif,results\pipeline_search2\smoke\dc2_dch_force\tc_public_23\logs,a2f5da9a8581f503a1bf8516e43a6c8e9bcc80c378e32a02a1132788dd1d300b
smoke,SMOKE_ONLY_FILTER_NOT_FINAL_CONCLUSION,dc2_dch_family,dc2_dch_force,4e837dbf31e5,pipeline,true,false,strash; dch -f; dc2; balance; rewrite -z; refactor -z; balance,strash; dch -f; dc2; balance; rewrite -z; refactor -z; balance,default,tiny|small|medium|large,tc_public_9,6,tiny high-fanin SOP bucket,tiny|non_aig|high_sop|po_medium,tiny,224,5,0.284901,10.55859375,224,5,passed,ok,224,5,selected_raw,false,,false,,0,0,0.104740,0.089221,0.061608,0.255569,10.477,0.897044,0.992231,0,0,results\pipeline_search2\smoke\dc2_dch_force\tc_public_9\selected.blif,results\pipeline_search2\smoke\dc2_dch_force\tc_public_9\raw.candidate.blif,results\pipeline_search2\smoke\dc2_dch_force\tc_public_9\logs,0937f0ff7428ff07a19bd1d40520b9baee7e43b7ee8a97df140520af4899779c
smoke,SMOKE_ONLY_FILTER_NOT_FINAL_CONCLUSION,dc2_dch_family,dc2_dch_force,4e837dbf31e5,pipeline,true,false,strash; dch -f; dc2; balance; rewrite -z; refactor -z; balance,strash; dch -f; dc2; balance; rewrite -z; refactor -z; balance,default,tiny|small|medium|large,tc_public_7,7,small high-fanin SOP bucket,small|non_aig|high_sop|po_medium,small,252,3,0.270967,10.65234375,252,3,passed,ok,252,3,selected_raw,false,,false,,0,0,0.098772,0.080354,0.061959,0.241085,10.680,0.889722,1.002567,0,0,results\pipeline_search2\smoke\dc2_dch_force\tc_public_7\selected.blif,results\pipeline_search2\smoke\dc2_dch_force\tc_public_7\raw.candidate.blif,results\pipeline_search2\smoke\dc2_dch_force\tc_public_7\logs,f9c09325d23a709bb80029a674200c6f92f203be980ce1c642ede2aef126041c
smoke,SMOKE_ONLY_FILTER_NOT_FINAL_CONCLUSION,dc2_dch_family,dc2_dch_force,4e837dbf31e5,pipeline,true,false,strash; dch -f; dc2; balance; rewrite -z; refactor -z; balance,strash; dch -f; dc2; balance; rewrite -z; refactor -z; balance,default,tiny|small|medium|large,tc_public_15,8,small near-two-input AIG bucket,small|near_aig|not_sop|po_medium,small,927,11,0.323562,10.890625,924,10,passed,ok,924,10,selected_raw,false,,false,,-3,-1,0.139390,0.100892,0.061293,0.301575,11.070,0.932046,1.016499,0,0,results\pipeline_search2\smoke\dc2_dch_force\tc_public_15\selected.blif,results\pipeline_search2\smoke\dc2_dch_force\tc_public_15\raw.candidate.blif,results\pipeline_search2\smoke\dc2_dch_force\tc_public_15\logs,8ba6bfc3a5122b0eaa2d434afdd12b025a9f4153b7028902ecdc22c799d7b566
smoke,SMOKE_ONLY_FILTER_NOT_FINAL_CONCLUSION,dc2_dch_family,dc2_dch_force,4e837dbf31e5,pipeline,true,false,strash; dch -f; dc2; balance; rewrite -z; refactor -z; balance,strash; dch -f; dc2; balance; rewrite -z; refactor -z; balance,default,tiny|small|medium|large,tc_public_28,9,zero-gain guard bucket,small|near_aig|not_sop|po_small,small,520,7,0.260640,10.2890625,520,7,passed,ok,520,7,selected_raw,false,,false,,0,0,0.098634,0.083023,0.061864,0.243521,10.754,0.934318,1.045178,0,0,results\pipeline_search2\smoke\dc2_dch_force\tc_public_28\selected.blif,results\pipeline_search2\smoke\dc2_dch_force\tc_public_28\raw.candidate.blif,results\pipeline_search2\smoke\dc2_dch_force\tc_public_28\logs,4dcec3192acac8b59fef8818ecce9e3007d4f05d0cbd3db21dd1feffc44fb5cb
smoke,SMOKE_ONLY_FILTER_NOT_FINAL_CONCLUSION,dc2_dch_family,dc2_dch_force,4e837dbf31e5,pipeline,true,false,strash; dch -f; dc2; balance; rewrite -z; refactor -z; balance,strash; dch -f; dc2; balance; rewrite -z; refactor -z; balance,default,tiny|small|medium|large,tc_public_16,10,tiny non-SOP non-AIG guard bucket,tiny|non_aig|not_sop|po_tiny,tiny,45,6,0.251822,9.9296875,45,6,passed,ok,45,6,selected_raw,false,,false,,0,0,0.084361,0.062012,0.061902,0.208275,9.961,0.827074,1.003147,0,0,results\pipeline_search2\smoke\dc2_dch_force\tc_public_16\selected.blif,results\pipeline_search2\smoke\dc2_dch_force\tc_public_16\raw.candidate.blif,results\pipeline_search2\smoke\dc2_dch_force\tc_public_16\logs,bde07e1fbe28ac6eed9946769b6656660272492c6834bdce4234dda97a5cbc9a
smoke,SMOKE_ONLY_FILTER_NOT_FINAL_CONCLUSION,dc2_dch_family,dc2_fraig_cleanup,0d968b547c8f,pipeline,true,false,strash; fraig; dc2; balance; rewrite -z; refactor -z; balance,strash; fraig; dc2; balance; rewrite -z; refactor -z; balance,default,tiny|small|medium|large,tc_public_30,1,largest node gain vs baseline,large|near_aig|not_sop|po_small,large,6613,21,2.162263,31.3046875,7347,21,passed,metric_regression,6613,21,fallback_current_final,true,metric_regression: nodes_worse:734,true,nodes_worse:734,734,0,0.564908,1.318540,0.060813,1.944261,31.430,0.899179,1.003993,0,0,results\pipeline_search2\smoke\dc2_fraig_cleanup\tc_public_30\selected.blif,results\pipeline_search2\smoke\dc2_fraig_cleanup\tc_public_30\raw.candidate.blif,results\pipeline_search2\smoke\dc2_fraig_cleanup\tc_public_30\logs,2e336048585dd17fcd90d52a116c47613c76c2c93663e16c633ded1ed1c55ca9
smoke,SMOKE_ONLY_FILTER_NOT_FINAL_CONCLUSION,dc2_dch_family,dc2_fraig_cleanup,0d968b547c8f,pipeline,true,false,strash; fraig; dc2; balance; rewrite -z; refactor -z; balance,strash; fraig; dc2; balance; rewrite -z; refactor -z; balance,default,tiny|small|medium|large,tc_public_14,2,max-level pressure case; large near-two-input AIG with medium output bin,large|near_aig|not_sop|po_medium,large,3703,25,0.586281,19.07421875,2271,17,passed,ok,2271,17,selected_raw,false,,false,,-1432,-8,0.352159,0.133294,0.060725,0.546178,21.082,0.931597,1.105263,0,0,results\pipeline_search2\smoke\dc2_fraig_cleanup\tc_public_14\selected.blif,results\pipeline_search2\smoke\dc2_fraig_cleanup\tc_public_14\raw.candidate.blif,results\pipeline_search2\smoke\dc2_fraig_cleanup\tc_public_14\logs,7640e2e7c156b23b24e7982eafedacaca29e5884358e7500f4460ebe6c986881
smoke,SMOKE_ONLY_FILTER_NOT_FINAL_CONCLUSION,dc2_dch_family,dc2_fraig_cleanup,0d968b547c8f,pipeline,true,false,strash; fraig; dc2; balance; rewrite -z; refactor -z; balance,strash; fraig; dc2; balance; rewrite -z; refactor -z; balance,default,tiny|small|medium|large,tc_public_22,3,large near-two-input AIG with small output bin,large|near_aig|not_sop|po_small,large,11067,20,3.665116,30.44140625,10836,20,passed,ok,10836,20,selected_raw,false,,false,,-231,0,2.127667,0.937353,0.081322,3.146342,30.625,0.858456,1.006031,0,0,results\pipeline_search2\smoke\dc2_fraig_cleanup\tc_public_22\selected.blif,results\pipeline_search2\smoke\dc2_fraig_cleanup\tc_public_22\raw.candidate.blif,results\pipeline_search2\smoke\dc2_fraig_cleanup\tc_public_22\logs,9fbd765be48f05c0a82a1c1da141ab5fff784a04b173bf3e105a9145f8d5db59
smoke,SMOKE_ONLY_FILTER_NOT_FINAL_CONCLUSION,dc2_dch_family,dc2_fraig_cleanup,0d968b547c8f,pipeline,true,false,strash; fraig; dc2; balance; rewrite -z; refactor -z; balance,strash; fraig; dc2; balance; rewrite -z; refactor -z; balance,default,tiny|small|medium|large,tc_public_12,4,medium non-AIG selector rewrite bucket,medium|non_aig|not_sop|po_large,medium,1385,13,0.346738,13.5625,1370,14,passed,ok,1370,14,selected_raw,false,,false,,-15,1,0.117656,0.097046,0.063386,0.278088,11.789,0.802013,0.869240,0,0,results\pipeline_search2\smoke\dc2_fraig_cleanup\tc_public_12\selected.blif,results\pipeline_search2\smoke\dc2_fraig_cleanup\tc_public_12\raw.candidate.blif,results\pipeline_search2\smoke\dc2_fraig_cleanup\tc_public_12\logs,6496c92b0f3e1733f8822e898963126201bacb60b1c6b47422f7d3fc5e41c76c
smoke,SMOKE_ONLY_FILTER_NOT_FINAL_CONCLUSION,dc2_dch_family,dc2_fraig_cleanup,0d968b547c8f,pipeline,true,false,strash; fraig; dc2; balance; rewrite -z; refactor -z; balance,strash; fraig; dc2; balance; rewrite -z; refactor -z; balance,default,tiny|small|medium|large,tc_public_23,5,medium near-two-input AIG bucket,medium|near_aig|not_sop|po_tiny,medium,1530,16,0.312543,12.61328125,1530,16,passed,ok,1530,16,selected_raw,false,,false,,0,0,0.118518,0.083905,0.062164,0.264587,12.383,0.846562,0.981728,0,0,results\pipeline_search2\smoke\dc2_fraig_cleanup\tc_public_23\selected.blif,results\pipeline_search2\smoke\dc2_fraig_cleanup\tc_public_23\raw.candidate.blif,results\pipeline_search2\smoke\dc2_fraig_cleanup\tc_public_23\logs,d78c997569f4eda6e0fd75151bad22114b1f7a96a8952dfd65849ad960c44e88
smoke,SMOKE_ONLY_FILTER_NOT_FINAL_CONCLUSION,dc2_dch_family,dc2_fraig_cleanup,0d968b547c8f,pipeline,true,false,strash; fraig; dc2; balance; rewrite -z; refactor -z; balance,strash; fraig; dc2; balance; rewrite -z; refactor -z; balance,default,tiny|small|medium|large,tc_public_9,6,tiny high-fanin SOP bucket,tiny|non_aig|high_sop|po_medium,tiny,224,5,0.284901,10.55859375,224,5,passed,ok,224,5,selected_raw,false,,false,,0,0,0.095924,0.081975,0.061594,0.239493,10.559,0.840617,1.000000,0,0,results\pipeline_search2\smoke\dc2_fraig_cleanup\tc_public_9\selected.blif,results\pipeline_search2\smoke\dc2_fraig_cleanup\tc_public_9\raw.candidate.blif,results\pipeline_search2\smoke\dc2_fraig_cleanup\tc_public_9\logs,f433bce87a53c20f7bc672ee21b77aa2d39dc3c03f9d1e440b11895c1adc9f30
smoke,SMOKE_ONLY_FILTER_NOT_FINAL_CONCLUSION,dc2_dch_family,dc2_fraig_cleanup,0d968b547c8f,pipeline,true,false,strash; fraig; dc2; balance; rewrite -z; refactor -z; balance,strash; fraig; dc2; balance; rewrite -z; refactor -z; balance,default,tiny|small|medium|large,tc_public_7,7,small high-fanin SOP bucket,small|non_aig|high_sop|po_medium,small,252,3,0.270967,10.65234375,252,3,passed,ok,252,3,selected_raw,false,,false,,0,0,0.079868,0.098213,0.061434,0.239515,10.668,0.883928,1.001467,0,0,results\pipeline_search2\smoke\dc2_fraig_cleanup\tc_public_7\selected.blif,results\pipeline_search2\smoke\dc2_fraig_cleanup\tc_public_7\raw.candidate.blif,results\pipeline_search2\smoke\dc2_fraig_cleanup\tc_public_7\logs,6c154a7a90a50bcc59b68838f0afeec60e7e08a0b4b2175fd7a6c5b535d77ddd
smoke,SMOKE_ONLY_FILTER_NOT_FINAL_CONCLUSION,dc2_dch_family,dc2_fraig_cleanup,0d968b547c8f,pipeline,true,false,strash; fraig; dc2; balance; rewrite -z; refactor -z; balance,strash; fraig; dc2; balance; rewrite -z; refactor -z; balance,default,tiny|small|medium|large,tc_public_15,8,small near-two-input AIG bucket,small|near_aig|not_sop|po_medium,small,927,11,0.323562,10.890625,926,11,passed,ok,926,11,selected_raw,false,,false,,-1,0,0.118853,0.098069,0.059696,0.276618,11.469,0.854914,1.053085,0,0,results\pipeline_search2\smoke\dc2_fraig_cleanup\tc_public_15\selected.blif,results\pipeline_search2\smoke\dc2_fraig_cleanup\tc_public_15\raw.candidate.blif,results\pipeline_search2\smoke\dc2_fraig_cleanup\tc_public_15\logs,04b236d015867ce2246c6e09b31fdb1564605e19e817c40335c83b399c55cd04
smoke,SMOKE_ONLY_FILTER_NOT_FINAL_CONCLUSION,dc2_dch_family,dc2_fraig_cleanup,0d968b547c8f,pipeline,true,false,strash; fraig; dc2; balance; rewrite -z; refactor -z; balance,strash; fraig; dc2; balance; rewrite -z; refactor -z; balance,default,tiny|small|medium|large,tc_public_28,9,zero-gain guard bucket,small|near_aig|not_sop|po_small,small,520,7,0.260640,10.2890625,524,8,passed,ok,524,8,selected_raw,false,,false,,4,1,0.097967,0.073721,0.066636,0.238324,10.219,0.914378,0.993166,0,0,results\pipeline_search2\smoke\dc2_fraig_cleanup\tc_public_28\selected.blif,results\pipeline_search2\smoke\dc2_fraig_cleanup\tc_public_28\raw.candidate.blif,results\pipeline_search2\smoke\dc2_fraig_cleanup\tc_public_28\logs,6cad4c69b85103348e4876dbfdc9261769bfc96efb380ec39e5f90eaec5ca4bb
smoke,SMOKE_ONLY_FILTER_NOT_FINAL_CONCLUSION,dc2_dch_family,dc2_fraig_cleanup,0d968b547c8f,pipeline,true,false,strash; fraig; dc2; balance; rewrite -z; refactor -z; balance,strash; fraig; dc2; balance; rewrite -z; refactor -z; balance,default,tiny|small|medium|large,tc_public_16,10,tiny non-SOP non-AIG guard bucket,tiny|non_aig|not_sop|po_tiny,tiny,45,6,0.251822,9.9296875,45,6,passed,ok,45,6,selected_raw,false,,false,,0,0,0.093107,0.061753,0.061187,0.216047,10.449,0.857937,1.052321,0,0,results\pipeline_search2\smoke\dc2_fraig_cleanup\tc_public_16\selected.blif,results\pipeline_search2\smoke\dc2_fraig_cleanup\tc_public_16\raw.candidate.blif,results\pipeline_search2\smoke\dc2_fraig_cleanup\tc_public_16\logs,2001ab515d886f56b84b15cdfc04ffaa92a1333de06681f7f19e120a22fdc0ca
smoke,SMOKE_ONLY_FILTER_NOT_FINAL_CONCLUSION,dc2_dch_family,dc2_ifraig_cleanup,4f9d4e9a8b22,pipeline,true,false,strash; ifraig; dc2; balance; rewrite -z; refactor -z; balance,strash; ifraig; dc2; balance; rewrite -z; refactor -z; balance,default,tiny|small|medium|large,tc_public_30,1,largest node gain vs baseline,large|near_aig|not_sop|po_small,large,6613,21,2.162263,31.3046875,7347,21,passed,metric_regression,6613,21,fallback_current_final,true,metric_regression: nodes_worse:734,true,nodes_worse:734,734,0,0.496377,1.336278,0.061845,1.894500,30.867,0.876165,0.986024,0,0,results\pipeline_search2\smoke\dc2_ifraig_cleanup\tc_public_30\selected.blif,results\pipeline_search2\smoke\dc2_ifraig_cleanup\tc_public_30\raw.candidate.blif,results\pipeline_search2\smoke\dc2_ifraig_cleanup\tc_public_30\logs,d3a1c375be2d45b5c2694eea5f5f3be9360a2f1cbcf7faeac5af2c6257ef0e7e
smoke,SMOKE_ONLY_FILTER_NOT_FINAL_CONCLUSION,dc2_dch_family,dc2_ifraig_cleanup,4f9d4e9a8b22,pipeline,true,false,strash; ifraig; dc2; balance; rewrite -z; refactor -z; balance,strash; ifraig; dc2; balance; rewrite -z; refactor -z; balance,default,tiny|small|medium|large,tc_public_14,2,max-level pressure case; large near-two-input AIG with medium output bin,large|near_aig|not_sop|po_medium,large,3703,25,0.586281,19.07421875,2271,17,passed,ok,2271,17,selected_raw,false,,false,,-1432,-8,0.393256,0.134631,0.059702,0.587589,18.312,1.002230,0.960066,0,0,results\pipeline_search2\smoke\dc2_ifraig_cleanup\tc_public_14\selected.blif,results\pipeline_search2\smoke\dc2_ifraig_cleanup\tc_public_14\raw.candidate.blif,results\pipeline_search2\smoke\dc2_ifraig_cleanup\tc_public_14\logs,6ac293d605d058f1a8185c4b307e5e505fa71d65a4f659ebebba204c73ba6aed
smoke,SMOKE_ONLY_FILTER_NOT_FINAL_CONCLUSION,dc2_dch_family,dc2_ifraig_cleanup,4f9d4e9a8b22,pipeline,true,false,strash; ifraig; dc2; balance; rewrite -z; refactor -z; balance,strash; ifraig; dc2; balance; rewrite -z; refactor -z; balance,default,tiny|small|medium|large,tc_public_22,3,large near-two-input AIG with small output bin,large|near_aig|not_sop|po_small,large,11067,20,3.665116,30.44140625,10836,20,passed,ok,10836,20,selected_raw,false,,false,,-231,0,2.160529,0.918924,0.082240,3.161693,30.176,0.862645,0.991274,0,0,results\pipeline_search2\smoke\dc2_ifraig_cleanup\tc_public_22\selected.blif,results\pipeline_search2\smoke\dc2_ifraig_cleanup\tc_public_22\raw.candidate.blif,results\pipeline_search2\smoke\dc2_ifraig_cleanup\tc_public_22\logs,722e7a000bf3e1061ac59c5a65dda977c8c3193fb48cac6c0b0711b1df852787
smoke,SMOKE_ONLY_FILTER_NOT_FINAL_CONCLUSION,dc2_dch_family,dc2_ifraig_cleanup,4f9d4e9a8b22,pipeline,true,false,strash; ifraig; dc2; balance; rewrite -z; refactor -z; balance,strash; ifraig; dc2; balance; rewrite -z; refactor -z; balance,default,tiny|small|medium|large,tc_public_12,4,medium non-AIG selector rewrite bucket,medium|non_aig|not_sop|po_large,medium,1385,13,0.346738,13.5625,1370,14,passed,ok,1370,14,selected_raw,false,,false,,-15,1,0.118075,0.083779,0.060684,0.262538,11.961,0.757166,0.881912,0,0,results\pipeline_search2\smoke\dc2_ifraig_cleanup\tc_public_12\selected.blif,results\pipeline_search2\smoke\dc2_ifraig_cleanup\tc_public_12\raw.candidate.blif,results\pipeline_search2\smoke\dc2_ifraig_cleanup\tc_public_12\logs,6c93a02287581b063f14b90189385629e3547362c25f3ae93e3cc8246926b399
smoke,SMOKE_ONLY_FILTER_NOT_FINAL_CONCLUSION,dc2_dch_family,dc2_ifraig_cleanup,4f9d4e9a8b22,pipeline,true,false,strash; ifraig; dc2; balance; rewrite -z; refactor -z; balance,strash; ifraig; dc2; balance; rewrite -z; refactor -z; balance,default,tiny|small|medium|large,tc_public_23,5,medium near-two-input AIG bucket,medium|near_aig|not_sop|po_tiny,medium,1530,16,0.312543,12.61328125,1530,16,passed,ok,1530,16,selected_raw,false,,false,,0,0,0.119500,0.081451,0.060514,0.261465,12.254,0.836573,0.971508,0,0,results\pipeline_search2\smoke\dc2_ifraig_cleanup\tc_public_23\selected.blif,results\pipeline_search2\smoke\dc2_ifraig_cleanup\tc_public_23\raw.candidate.blif,results\pipeline_search2\smoke\dc2_ifraig_cleanup\tc_public_23\logs,916a3dc244e6e01458ee0c3ddbb9b127d23dc81283f251366804cc09197ff27e
smoke,SMOKE_ONLY_FILTER_NOT_FINAL_CONCLUSION,dc2_dch_family,dc2_ifraig_cleanup,4f9d4e9a8b22,pipeline,true,false,strash; ifraig; dc2; balance; rewrite -z; refactor -z; balance,strash; ifraig; dc2; balance; rewrite -z; refactor -z; balance,default,tiny|small|medium|large,tc_public_9,6,tiny high-fanin SOP bucket,tiny|non_aig|high_sop|po_medium,tiny,224,5,0.284901,10.55859375,224,5,passed,ok,224,5,selected_raw,false,,false,,0,0,0.096209,0.099519,0.068784,0.264512,10.559,0.928434,1.000000,0,0,results\pipeline_search2\smoke\dc2_ifraig_cleanup\tc_public_9\selected.blif,results\pipeline_search2\smoke\dc2_ifraig_cleanup\tc_public_9\raw.candidate.blif,results\pipeline_search2\smoke\dc2_ifraig_cleanup\tc_public_9\logs,829d2d190ee24b645eb52fd2033b8a2cd0296faf09c40a2a7f6ca456ec250797
smoke,SMOKE_ONLY_FILTER_NOT_FINAL_CONCLUSION,dc2_dch_family,dc2_ifraig_cleanup,4f9d4e9a8b22,pipeline,true,false,strash; ifraig; dc2; balance; rewrite -z; refactor -z; balance,strash; ifraig; dc2; balance; rewrite -z; refactor -z; balance,default,tiny|small|medium|large,tc_public_7,7,small high-fanin SOP bucket,small|non_aig|high_sop|po_medium,small,252,3,0.270967,10.65234375,252,3,passed,ok,252,3,selected_raw,false,,false,,0,0,0.079899,0.082002,0.059262,0.221163,10.633,0.816200,0.998166,0,0,results\pipeline_search2\smoke\dc2_ifraig_cleanup\tc_public_7\selected.blif,results\pipeline_search2\smoke\dc2_ifraig_cleanup\tc_public_7\raw.candidate.blif,results\pipeline_search2\smoke\dc2_ifraig_cleanup\tc_public_7\logs,84a0941c94eade70e446b6a4aad164b0ae6923072e42285e4ae980e5de779620
smoke,SMOKE_ONLY_FILTER_NOT_FINAL_CONCLUSION,dc2_dch_family,dc2_ifraig_cleanup,4f9d4e9a8b22,pipeline,true,false,strash; ifraig; dc2; balance; rewrite -z; refactor -z; balance,strash; ifraig; dc2; balance; rewrite -z; refactor -z; balance,default,tiny|small|medium|large,tc_public_15,8,small near-two-input AIG bucket,small|near_aig|not_sop|po_medium,small,927,11,0.323562,10.890625,926,11,passed,ok,926,11,selected_raw,false,,false,,-1,0,0.117971,0.080414,0.059272,0.257657,11.410,0.796314,1.047704,0,0,results\pipeline_search2\smoke\dc2_ifraig_cleanup\tc_public_15\selected.blif,results\pipeline_search2\smoke\dc2_ifraig_cleanup\tc_public_15\raw.candidate.blif,results\pipeline_search2\smoke\dc2_ifraig_cleanup\tc_public_15\logs,f43e6c22347c78000d07c5972bbf5eb2b27db7dfec6943f167d84d14032d3616
smoke,SMOKE_ONLY_FILTER_NOT_FINAL_CONCLUSION,dc2_dch_family,dc2_ifraig_cleanup,4f9d4e9a8b22,pipeline,true,false,strash; ifraig; dc2; balance; rewrite -z; refactor -z; balance,strash; ifraig; dc2; balance; rewrite -z; refactor -z; balance,default,tiny|small|medium|large,tc_public_28,9,zero-gain guard bucket,small|near_aig|not_sop|po_small,small,520,7,0.260640,10.2890625,524,8,passed,ok,524,8,selected_raw,false,,false,,4,1,0.100709,0.081725,0.055055,0.237489,9.750,0.911175,0.947608,0,0,results\pipeline_search2\smoke\dc2_ifraig_cleanup\tc_public_28\selected.blif,results\pipeline_search2\smoke\dc2_ifraig_cleanup\tc_public_28\raw.candidate.blif,results\pipeline_search2\smoke\dc2_ifraig_cleanup\tc_public_28\logs,ad353e642141601eae2b866e19c7b031acc5ba29191591e027cf2089aa4733eb
smoke,SMOKE_ONLY_FILTER_NOT_FINAL_CONCLUSION,dc2_dch_family,dc2_ifraig_cleanup,4f9d4e9a8b22,pipeline,true,false,strash; ifraig; dc2; balance; rewrite -z; refactor -z; balance,strash; ifraig; dc2; balance; rewrite -z; refactor -z; balance,default,tiny|small|medium|large,tc_public_16,10,tiny non-SOP non-AIG guard bucket,tiny|non_aig|not_sop|po_tiny,tiny,45,6,0.251822,9.9296875,45,6,passed,ok,45,6,selected_raw,false,,false,,0,0,0.082322,0.062084,0.060737,0.205143,10.031,0.814637,1.010228,0,0,results\pipeline_search2\smoke\dc2_ifraig_cleanup\tc_public_16\selected.blif,results\pipeline_search2\smoke\dc2_ifraig_cleanup\tc_public_16\raw.candidate.blif,results\pipeline_search2\smoke\dc2_ifraig_cleanup\tc_public_16\logs,78ab7fe58438d091f96bd08ea279cc572be00ef4afdaa7f01e837c2a16474691
smoke,SMOKE_ONLY_FILTER_NOT_FINAL_CONCLUSION,sop_fx_family,sop_fx_current,a34df6c963ce,pipeline,true,false,sweep; fx; strash; balance; rewrite -z; refactor -z; balance,sweep; fx; strash; balance; rewrite -z; refactor -z; balance,default,tiny|small|medium|large,tc_public_30,1,largest node gain vs baseline,large|near_aig|not_sop|po_small,large,6613,21,2.162263,31.3046875,8871,22,passed,metric_regression,6613,21,fallback_current_final,true,metric_regression: nodes_worse:2258,true,nodes_worse:2258,2258,1,0.269577,1.204135,0.061345,1.535057,29.820,0.709931,0.952583,0,0,results\pipeline_search2\smoke\sop_fx_current\tc_public_30\selected.blif,results\pipeline_search2\smoke\sop_fx_current\tc_public_30\raw.candidate.blif,results\pipeline_search2\smoke\sop_fx_current\tc_public_30\logs,bdf41941ea06c1c087131da26ba5a4a8e472c8dd8657b73321913707dad4a293
smoke,SMOKE_ONLY_FILTER_NOT_FINAL_CONCLUSION,sop_fx_family,sop_fx_current,a34df6c963ce,pipeline,true,false,sweep; fx; strash; balance; rewrite -z; refactor -z; balance,sweep; fx; strash; balance; rewrite -z; refactor -z; balance,default,tiny|small|medium|large,tc_public_14,2,max-level pressure case; large near-two-input AIG with medium output bin,large|near_aig|not_sop|po_medium,large,3703,25,0.586281,19.07421875,4646,24,passed,metric_regression,3703,25,fallback_current_final,true,metric_regression: nodes_worse:943,true,nodes_worse:943,943,-1,0.185756,0.133223,0.059837,0.378816,18.656,0.646134,0.978087,0,0,results\pipeline_search2\smoke\sop_fx_current\tc_public_14\selected.blif,results\pipeline_search2\smoke\sop_fx_current\tc_public_14\raw.candidate.blif,results\pipeline_search2\smoke\sop_fx_current\tc_public_14\logs,182cdf7adf6ae97c5874f2496bb2cb57a8a7f71111df7dfd1246bf459ff5fb35
smoke,SMOKE_ONLY_FILTER_NOT_FINAL_CONCLUSION,sop_fx_family,sop_fx_current,a34df6c963ce,pipeline,true,false,sweep; fx; strash; balance; rewrite -z; refactor -z; balance,sweep; fx; strash; balance; rewrite -z; refactor -z; balance,default,tiny|small|medium|large,tc_public_22,3,large near-two-input AIG with small output bin,large|near_aig|not_sop|po_small,large,11067,20,3.665116,30.44140625,11283,20,passed,ok,11283,20,selected_raw,false,,false,,216,0,0.413703,0.723240,0.081180,1.218123,29.352,0.332356,0.964199,0,0,results\pipeline_search2\smoke\sop_fx_current\tc_public_22\selected.blif,results\pipeline_search2\smoke\sop_fx_current\tc_public_22\raw.candidate.blif,results\pipeline_search2\smoke\sop_fx_current\tc_public_22\logs,4f83c9f7a83dca49249e2532f556a6f4d2cfc551a26b59d57cf232785818a723
smoke,SMOKE_ONLY_FILTER_NOT_FINAL_CONCLUSION,sop_fx_family,sop_fx_current,a34df6c963ce,pipeline,true,false,sweep; fx; strash; balance; rewrite -z; refactor -z; balance,sweep; fx; strash; balance; rewrite -z; refactor -z; balance,default,tiny|small|medium|large,tc_public_12,4,medium non-AIG selector rewrite bucket,medium|non_aig|not_sop|po_large,medium,1385,13,0.346738,13.5625,1413,13,passed,ok,1413,13,selected_raw,false,,false,,28,0,0.097217,0.081675,0.059669,0.238561,10.664,0.688016,0.786290,0,0,results\pipeline_search2\smoke\sop_fx_current\tc_public_12\selected.blif,results\pipeline_search2\smoke\sop_fx_current\tc_public_12\raw.candidate.blif,results\pipeline_search2\smoke\sop_fx_current\tc_public_12\logs,f04bf2ea1a425e6ab7d7179560ca701c83087854c2a2109bb46e962cff1e6a80
smoke,SMOKE_ONLY_FILTER_NOT_FINAL_CONCLUSION,sop_fx_family,sop_fx_current,a34df6c963ce,pipeline,true,false,sweep; fx; strash; balance; rewrite -z; refactor -z; balance,sweep; fx; strash; balance; rewrite -z; refactor -z; balance,default,tiny|small|medium|large,tc_public_23,5,medium near-two-input AIG bucket,medium|near_aig|not_sop|po_tiny,medium,1530,16,0.312543,12.61328125,1530,16,passed,ok,1530,16,selected_raw,false,,false,,0,0,0.096864,0.080639,0.061062,0.238565,10.371,0.763303,0.822236,0,0,results\pipeline_search2\smoke\sop_fx_current\tc_public_23\selected.blif,results\pipeline_search2\smoke\sop_fx_current\tc_public_23\raw.candidate.blif,results\pipeline_search2\smoke\sop_fx_current\tc_public_23\logs,b2aae9313218b45c12b759c711203f9b0bbd250fac85fe8f062416341f99f722
smoke,SMOKE_ONLY_FILTER_NOT_FINAL_CONCLUSION,sop_fx_family,sop_fx_current,a34df6c963ce,pipeline,true,false,sweep; fx; strash; balance; rewrite -z; refactor -z; balance,sweep; fx; strash; balance; rewrite -z; refactor -z; balance,default,tiny|small|medium|large,tc_public_9,6,tiny high-fanin SOP bucket,tiny|non_aig|high_sop|po_medium,tiny,224,5,0.284901,10.55859375,224,5,passed,ok,224,5,selected_raw,false,,false,,0,0,0.081539,0.082425,0.059860,0.223824,10.492,0.785619,0.993711,0,0,results\pipeline_search2\smoke\sop_fx_current\tc_public_9\selected.blif,results\pipeline_search2\smoke\sop_fx_current\tc_public_9\raw.candidate.blif,results\pipeline_search2\smoke\sop_fx_current\tc_public_9\logs,90dd5d0f254941311eedb3b72344937725c0f8a3eb2c7340bc3963c9802faacb
smoke,SMOKE_ONLY_FILTER_NOT_FINAL_CONCLUSION,sop_fx_family,sop_fx_current,a34df6c963ce,pipeline,true,false,sweep; fx; strash; balance; rewrite -z; refactor -z; balance,sweep; fx; strash; balance; rewrite -z; refactor -z; balance,default,tiny|small|medium|large,tc_public_7,7,small high-fanin SOP bucket,small|non_aig|high_sop|po_medium,small,252,3,0.270967,10.65234375,252,3,passed,ok,252,3,selected_raw,false,,false,,0,0,0.082844,0.091253,0.063902,0.237999,10.129,0.878333,0.950862,0,0,results\pipeline_search2\smoke\sop_fx_current\tc_public_7\selected.blif,results\pipeline_search2\smoke\sop_fx_current\tc_public_7\raw.candidate.blif,results\pipeline_search2\smoke\sop_fx_current\tc_public_7\logs,54409f361ffb2add0d158693fb91a5d6e2ae759a6cd2de034cde502939c224ac
smoke,SMOKE_ONLY_FILTER_NOT_FINAL_CONCLUSION,sop_fx_family,sop_fx_current,a34df6c963ce,pipeline,true,false,sweep; fx; strash; balance; rewrite -z; refactor -z; balance,sweep; fx; strash; balance; rewrite -z; refactor -z; balance,default,tiny|small|medium|large,tc_public_15,8,small near-two-input AIG bucket,small|near_aig|not_sop|po_medium,small,927,11,0.323562,10.890625,928,10,passed,ok,928,10,selected_raw,false,,false,,1,-1,0.083428,0.081588,0.059654,0.224670,10.910,0.694364,1.001793,0,0,results\pipeline_search2\smoke\sop_fx_current\tc_public_15\selected.blif,results\pipeline_search2\smoke\sop_fx_current\tc_public_15\raw.candidate.blif,results\pipeline_search2\smoke\sop_fx_current\tc_public_15\logs,7f74a16075cc18b7e9c416eeb1449a6a332376c77d99fb60a376c87982ea8d2c
smoke,SMOKE_ONLY_FILTER_NOT_FINAL_CONCLUSION,sop_fx_family,sop_fx_current,a34df6c963ce,pipeline,true,false,sweep; fx; strash; balance; rewrite -z; refactor -z; balance,sweep; fx; strash; balance; rewrite -z; refactor -z; balance,default,tiny|small|medium|large,tc_public_28,9,zero-gain guard bucket,small|near_aig|not_sop|po_small,small,520,7,0.260640,10.2890625,520,7,passed,ok,520,7,selected_raw,false,,false,,0,0,0.082563,0.080824,0.060786,0.224173,10.383,0.860085,1.009112,0,0,results\pipeline_search2\smoke\sop_fx_current\tc_public_28\selected.blif,results\pipeline_search2\smoke\sop_fx_current\tc_public_28\raw.candidate.blif,results\pipeline_search2\smoke\sop_fx_current\tc_public_28\logs,9d92cd8a830104e1cea08cdf7ec20526e9a5ee6667d90a5d023e739f12904d3b
smoke,SMOKE_ONLY_FILTER_NOT_FINAL_CONCLUSION,sop_fx_family,sop_fx_current,a34df6c963ce,pipeline,true,false,sweep; fx; strash; balance; rewrite -z; refactor -z; balance,sweep; fx; strash; balance; rewrite -z; refactor -z; balance,default,tiny|small|medium|large,tc_public_16,10,tiny non-SOP non-AIG guard bucket,tiny|non_aig|not_sop|po_tiny,tiny,45,6,0.251822,9.9296875,45,6,passed,ok,45,6,selected_raw,false,,false,,0,0,0.080994,0.062656,0.061663,0.205313,9.965,0.815312,1.003541,0,0,results\pipeline_search2\smoke\sop_fx_current\tc_public_16\selected.blif,results\pipeline_search2\smoke\sop_fx_current\tc_public_16\raw.candidate.blif,results\pipeline_search2\smoke\sop_fx_current\tc_public_16\logs,0c16c2ee1b63ab86d90219502ea8b0f70395893bd878d4fd14b49bf50ee6db13
smoke,SMOKE_ONLY_FILTER_NOT_FINAL_CONCLUSION,sop_fx_family,sop_fx_dc2,2583b29eef60,pipeline,true,false,sweep; fx; strash; balance; rewrite -z; refactor -z; dc2; balance,sweep; fx; strash; balance; rewrite -z; refactor -z; dc2; balance,default,tiny|small|medium|large,tc_public_30,1,largest node gain vs baseline,large|near_aig|not_sop|po_small,large,6613,21,2.162263,31.3046875,6613,21,passed,ok,6613,21,selected_raw,false,,false,,0,0,0.431867,1.393118,0.061270,1.886255,31.273,0.872352,0.999002,0,0,results\pipeline_search2\smoke\sop_fx_dc2\tc_public_30\selected.blif,results\pipeline_search2\smoke\sop_fx_dc2\tc_public_30\raw.candidate.blif,results\pipeline_search2\smoke\sop_fx_dc2\tc_public_30\logs,229cc8e08fa4f378120f18a2f6c1d25db4144f6044d779a5f5be3e0f755c587d
smoke,SMOKE_ONLY_FILTER_NOT_FINAL_CONCLUSION,sop_fx_family,sop_fx_dc2,2583b29eef60,pipeline,true,false,sweep; fx; strash; balance; rewrite -z; refactor -z; dc2; balance,sweep; fx; strash; balance; rewrite -z; refactor -z; dc2; balance,default,tiny|small|medium|large,tc_public_14,2,max-level pressure case; large near-two-input AIG with medium output bin,large|near_aig|not_sop|po_medium,large,3703,25,0.586281,19.07421875,3703,25,passed,ok,3703,25,selected_raw,false,,false,,0,0,0.280898,0.162433,0.059930,0.503261,19.051,0.858395,0.998771,0,0,results\pipeline_search2\smoke\sop_fx_dc2\tc_public_14\selected.blif,results\pipeline_search2\smoke\sop_fx_dc2\tc_public_14\raw.candidate.blif,results\pipeline_search2\smoke\sop_fx_dc2\tc_public_14\logs,6eebe3e84e275fa8b376fffc79d7851c118b7ed71238ba69f1810a3ff13b28a6
smoke,SMOKE_ONLY_FILTER_NOT_FINAL_CONCLUSION,sop_fx_family,sop_fx_dc2,2583b29eef60,pipeline,true,false,sweep; fx; strash; balance; rewrite -z; refactor -z; dc2; balance,sweep; fx; strash; balance; rewrite -z; refactor -z; dc2; balance,default,tiny|small|medium|large,tc_public_22,3,large near-two-input AIG with small output bin,large|near_aig|not_sop|po_small,large,11067,20,3.665116,30.44140625,11067,20,passed,ok,11067,20,selected_raw,false,,false,,0,0,2.505835,0.929971,0.082473,3.518279,30.746,0.959937,1.010009,0,0,results\pipeline_search2\smoke\sop_fx_dc2\tc_public_22\selected.blif,results\pipeline_search2\smoke\sop_fx_dc2\tc_public_22\raw.candidate.blif,results\pipeline_search2\smoke\sop_fx_dc2\tc_public_22\logs,f9cb24708840382ef555edaebbfeab3e8b552bf9ea8f9294bf85c84a542c3c7c
smoke,SMOKE_ONLY_FILTER_NOT_FINAL_CONCLUSION,sop_fx_family,sop_fx_dc2,2583b29eef60,pipeline,true,false,sweep; fx; strash; balance; rewrite -z; refactor -z; dc2; balance,sweep; fx; strash; balance; rewrite -z; refactor -z; dc2; balance,default,tiny|small|medium|large,tc_public_12,4,medium non-AIG selector rewrite bucket,medium|non_aig|not_sop|po_large,medium,1385,13,0.346738,13.5625,1388,14,passed,ok,1388,14,selected_raw,false,,false,,3,1,0.118273,0.081197,0.060484,0.259954,12.336,0.749714,0.909562,0,0,results\pipeline_search2\smoke\sop_fx_dc2\tc_public_12\selected.blif,results\pipeline_search2\smoke\sop_fx_dc2\tc_public_12\raw.candidate.blif,results\pipeline_search2\smoke\sop_fx_dc2\tc_public_12\logs,0f4718cfb2f84f770658facd0c8173a0515d2a65164619a064488ab6ea0be748
smoke,SMOKE_ONLY_FILTER_NOT_FINAL_CONCLUSION,sop_fx_family,sop_fx_dc2,2583b29eef60,pipeline,true,false,sweep; fx; strash; balance; rewrite -z; refactor -z; dc2; balance,sweep; fx; strash; balance; rewrite -z; refactor -z; dc2; balance,default,tiny|small|medium|large,tc_public_23,5,medium near-two-input AIG bucket,medium|near_aig|not_sop|po_tiny,medium,1530,16,0.312543,12.61328125,1530,16,passed,ok,1530,16,selected_raw,false,,false,,0,0,0.118142,0.080821,0.059473,0.258436,12.816,0.826881,1.016104,0,0,results\pipeline_search2\smoke\sop_fx_dc2\tc_public_23\selected.blif,results\pipeline_search2\smoke\sop_fx_dc2\tc_public_23\raw.candidate.blif,results\pipeline_search2\smoke\sop_fx_dc2\tc_public_23\logs,f29ef7efd76770ea05a1531abafc76e8bd5cc355633df0a005cb158eb8c4098d
smoke,SMOKE_ONLY_FILTER_NOT_FINAL_CONCLUSION,sop_fx_family,sop_fx_dc2,2583b29eef60,pipeline,true,false,sweep; fx; strash; balance; rewrite -z; refactor -z; dc2; balance,sweep; fx; strash; balance; rewrite -z; refactor -z; dc2; balance,default,tiny|small|medium|large,tc_public_9,6,tiny high-fanin SOP bucket,tiny|non_aig|high_sop|po_medium,tiny,224,5,0.284901,10.55859375,224,5,passed,ok,224,5,selected_raw,false,,false,,0,0,0.098659,0.081315,0.058681,0.238655,10.520,0.837676,0.996300,0,0,results\pipeline_search2\smoke\sop_fx_dc2\tc_public_9\selected.blif,results\pipeline_search2\smoke\sop_fx_dc2\tc_public_9\raw.candidate.blif,results\pipeline_search2\smoke\sop_fx_dc2\tc_public_9\logs,89f58eca2041dcfd8449ea4150bc0189c078f21ddad94e854454520bfa9b5344
smoke,SMOKE_ONLY_FILTER_NOT_FINAL_CONCLUSION,sop_fx_family,sop_fx_dc2,2583b29eef60,pipeline,true,false,sweep; fx; strash; balance; rewrite -z; refactor -z; dc2; balance,sweep; fx; strash; balance; rewrite -z; refactor -z; dc2; balance,default,tiny|small|medium|large,tc_public_7,7,small high-fanin SOP bucket,small|non_aig|high_sop|po_medium,small,252,3,0.270967,10.65234375,252,3,passed,ok,252,3,selected_raw,false,,false,,0,0,0.085728,0.082951,0.059925,0.228604,10.625,0.843661,0.997433,0,0,results\pipeline_search2\smoke\sop_fx_dc2\tc_public_7\selected.blif,results\pipeline_search2\smoke\sop_fx_dc2\tc_public_7\raw.candidate.blif,results\pipeline_search2\smoke\sop_fx_dc2\tc_public_7\logs,d505c0dceac9039baf2d850dcfdeb1e5d167436ea8534bf4e581d30d3a74abbc
smoke,SMOKE_ONLY_FILTER_NOT_FINAL_CONCLUSION,sop_fx_family,sop_fx_dc2,2583b29eef60,pipeline,true,false,sweep; fx; strash; balance; rewrite -z; refactor -z; dc2; balance,sweep; fx; strash; balance; rewrite -z; refactor -z; dc2; balance,default,tiny|small|medium|large,tc_public_15,8,small near-two-input AIG bucket,small|near_aig|not_sop|po_medium,small,927,11,0.323562,10.890625,927,11,passed,ok,927,11,selected_raw,false,,false,,0,0,0.118822,0.099689,0.060792,0.279303,11.820,0.863213,1.085366,0,0,results\pipeline_search2\smoke\sop_fx_dc2\tc_public_15\selected.blif,results\pipeline_search2\smoke\sop_fx_dc2\tc_public_15\raw.candidate.blif,results\pipeline_search2\smoke\sop_fx_dc2\tc_public_15\logs,1b076b5fb9f730efa4c95fc19d94dcd038759b1f09187308e151258185bb003c
smoke,SMOKE_ONLY_FILTER_NOT_FINAL_CONCLUSION,sop_fx_family,sop_fx_dc2,2583b29eef60,pipeline,true,false,sweep; fx; strash; balance; rewrite -z; refactor -z; dc2; balance,sweep; fx; strash; balance; rewrite -z; refactor -z; dc2; balance,default,tiny|small|medium|large,tc_public_28,9,zero-gain guard bucket,small|near_aig|not_sop|po_small,small,520,7,0.260640,10.2890625,520,7,passed,ok,520,7,selected_raw,false,,false,,0,0,0.098098,0.082206,0.064918,0.245222,10.438,0.940844,1.014427,0,0,results\pipeline_search2\smoke\sop_fx_dc2\tc_public_28\selected.blif,results\pipeline_search2\smoke\sop_fx_dc2\tc_public_28\raw.candidate.blif,results\pipeline_search2\smoke\sop_fx_dc2\tc_public_28\logs,21f07a2ad2dd9caf928adf6c40400c63aacfdd9f23ad225aee38c71b3e202f89
smoke,SMOKE_ONLY_FILTER_NOT_FINAL_CONCLUSION,sop_fx_family,sop_fx_dc2,2583b29eef60,pipeline,true,false,sweep; fx; strash; balance; rewrite -z; refactor -z; dc2; balance,sweep; fx; strash; balance; rewrite -z; refactor -z; dc2; balance,default,tiny|small|medium|large,tc_public_16,10,tiny non-SOP non-AIG guard bucket,tiny|non_aig|not_sop|po_tiny,tiny,45,6,0.251822,9.9296875,45,6,passed,ok,45,6,selected_raw,false,,false,,0,0,0.083018,0.063154,0.060668,0.206840,9.977,0.821375,1.004721,0,0,results\pipeline_search2\smoke\sop_fx_dc2\tc_public_16\selected.blif,results\pipeline_search2\smoke\sop_fx_dc2\tc_public_16\raw.candidate.blif,results\pipeline_search2\smoke\sop_fx_dc2\tc_public_16\logs,e1a3d4039d57aa51dca6a10e76e2e352aeec2ab831c2faf42766377c119a6a73
smoke,SMOKE_ONLY_FILTER_NOT_FINAL_CONCLUSION,sop_fx_family,sop_bdd_sop_fx,84abd586fd5f,pipeline,true,false,sweep; bdd; sop; fx; strash; balance; rewrite -z; refactor -z; balance,sweep; bdd; sop; fx; strash; balance; rewrite -z; refactor -z; balance,default,tiny|small|medium|large,tc_public_30,1,largest node gain vs baseline,large|near_aig|not_sop|po_small,large,6613,21,2.162263,31.3046875,,,not_run,crash,6613,21,fallback_current_final,true,opt_crash_or_missing_output,false,,,,0.081446,0.000000,0.000000,0.081446,10.344,0.037667,0.330422,0,,results\pipeline_search2\smoke\sop_bdd_sop_fx\tc_public_30\selected.blif,results\pipeline_search2\smoke\sop_bdd_sop_fx\tc_public_30\raw.candidate.blif,results\pipeline_search2\smoke\sop_bdd_sop_fx\tc_public_30\logs,25a4aa8889b5e96ae07b29ab72212f0f6adad42ab7be40509e5d8e0441a398e9
smoke,SMOKE_ONLY_FILTER_NOT_FINAL_CONCLUSION,sop_fx_family,sop_bdd_sop_fx,84abd586fd5f,pipeline,true,false,sweep; bdd; sop; fx; strash; balance; rewrite -z; refactor -z; balance,sweep; bdd; sop; fx; strash; balance; rewrite -z; refactor -z; balance,default,tiny|small|medium|large,tc_public_14,2,max-level pressure case; large near-two-input AIG with medium output bin,large|near_aig|not_sop|po_medium,large,3703,25,0.586281,19.07421875,,,not_run,crash,3703,25,fallback_current_final,true,opt_crash_or_missing_output,false,,,,0.060791,0.000000,0.000000,0.060791,1.910,0.103689,0.100143,0,,results\pipeline_search2\smoke\sop_bdd_sop_fx\tc_public_14\selected.blif,results\pipeline_search2\smoke\sop_bdd_sop_fx\tc_public_14\raw.candidate.blif,results\pipeline_search2\smoke\sop_bdd_sop_fx\tc_public_14\logs,a1be3fe9e80f585ae933425cecee788026ff43739779feb5a76f6150e401bf30
smoke,SMOKE_ONLY_FILTER_NOT_FINAL_CONCLUSION,sop_fx_family,sop_bdd_sop_fx,84abd586fd5f,pipeline,true,false,sweep; bdd; sop; fx; strash; balance; rewrite -z; refactor -z; balance,sweep; bdd; sop; fx; strash; balance; rewrite -z; refactor -z; balance,default,tiny|small|medium|large,tc_public_22,3,large near-two-input AIG with small output bin,large|near_aig|not_sop|po_small,large,11067,20,3.665116,30.44140625,,,not_run,crash,11067,20,fallback_current_final,true,opt_crash_or_missing_output,false,,,,0.082304,0.000000,0.000000,0.082304,10.730,0.022456,0.352496,0,,results\pipeline_search2\smoke\sop_bdd_sop_fx\tc_public_22\selected.blif,results\pipeline_search2\smoke\sop_bdd_sop_fx\tc_public_22\raw.candidate.blif,results\pipeline_search2\smoke\sop_bdd_sop_fx\tc_public_22\logs,640bb488d24d48530cb38f011998fef0aa868f663dc93be4e122fd279f103aa7
smoke,SMOKE_ONLY_FILTER_NOT_FINAL_CONCLUSION,sop_fx_family,sop_bdd_sop_fx,84abd586fd5f,pipeline,true,false,sweep; bdd; sop; fx; strash; balance; rewrite -z; refactor -z; balance,sweep; bdd; sop; fx; strash; balance; rewrite -z; refactor -z; balance,default,tiny|small|medium|large,tc_public_12,4,medium non-AIG selector rewrite bucket,medium|non_aig|not_sop|po_large,medium,1385,13,0.346738,13.5625,,,not_run,crash,1385,13,fallback_current_final,true,opt_crash_or_missing_output,false,,,,0.059816,0.000000,0.000000,0.059816,1.906,0.172511,0.140553,0,,results\pipeline_search2\smoke\sop_bdd_sop_fx\tc_public_12\selected.blif,results\pipeline_search2\smoke\sop_bdd_sop_fx\tc_public_12\raw.candidate.blif,results\pipeline_search2\smoke\sop_bdd_sop_fx\tc_public_12\logs,08dd7bba1733eee68a18ff1aec51d6f6c279240c13c7d345c936156f01d02ed3
smoke,SMOKE_ONLY_FILTER_NOT_FINAL_CONCLUSION,sop_fx_family,sop_bdd_sop_fx,84abd586fd5f,pipeline,true,false,sweep; bdd; sop; fx; strash; balance; rewrite -z; refactor -z; balance,sweep; bdd; sop; fx; strash; balance; rewrite -z; refactor -z; balance,default,tiny|small|medium|large,tc_public_23,5,medium near-two-input AIG bucket,medium|near_aig|not_sop|po_tiny,medium,1530,16,0.312543,12.61328125,,,not_run,crash,1530,16,fallback_current_final,true,opt_crash_or_missing_output,false,,,,0.060316,0.000000,0.000000,0.060316,1.906,0.192985,0.151130,0,,results\pipeline_search2\smoke\sop_bdd_sop_fx\tc_public_23\selected.blif,results\pipeline_search2\smoke\sop_bdd_sop_fx\tc_public_23\raw.candidate.blif,results\pipeline_search2\smoke\sop_bdd_sop_fx\tc_public_23\logs,fe5ca5c731b8ca5e4ed15916be0a9d66267944566b0b8aa485ba0df16b6098cb
smoke,SMOKE_ONLY_FILTER_NOT_FINAL_CONCLUSION,sop_fx_family,sop_bdd_sop_fx,84abd586fd5f,pipeline,true,false,sweep; bdd; sop; fx; strash; balance; rewrite -z; refactor -z; balance,sweep; bdd; sop; fx; strash; balance; rewrite -z; refactor -z; balance,default,tiny|small|medium|large,tc_public_9,6,tiny high-fanin SOP bucket,tiny|non_aig|high_sop|po_medium,tiny,224,5,0.284901,10.55859375,,,not_run,crash,224,5,fallback_current_final,true,opt_crash_or_missing_output,false,,,,0.079843,0.000000,0.000000,0.079843,10.031,0.280248,0.950055,0,,results\pipeline_search2\smoke\sop_bdd_sop_fx\tc_public_9\selected.blif,results\pipeline_search2\smoke\sop_bdd_sop_fx\tc_public_9\raw.candidate.blif,results\pipeline_search2\smoke\sop_bdd_sop_fx\tc_public_9\logs,f4998dde606926debec04c35839b686c2851e84957e946d0a17b7d3755d60341
smoke,SMOKE_ONLY_FILTER_NOT_FINAL_CONCLUSION,sop_fx_family,sop_bdd_sop_fx,84abd586fd5f,pipeline,true,false,sweep; bdd; sop; fx; strash; balance; rewrite -z; refactor -z; balance,sweep; bdd; sop; fx; strash; balance; rewrite -z; refactor -z; balance,default,tiny|small|medium|large,tc_public_7,7,small high-fanin SOP bucket,small|non_aig|high_sop|po_medium,small,252,3,0.270967,10.65234375,,,not_run,crash,252,3,fallback_current_final,true,opt_crash_or_missing_output,false,,,,0.082626,0.000000,0.000000,0.082626,10.062,0.304931,0.944628,0,,results\pipeline_search2\smoke\sop_bdd_sop_fx\tc_public_7\selected.blif,results\pipeline_search2\smoke\sop_bdd_sop_fx\tc_public_7\raw.candidate.blif,results\pipeline_search2\smoke\sop_bdd_sop_fx\tc_public_7\logs,903dbe354047280db60a88a2ea07d1203dceeab3c69709e3e6e0553a7fb45b2b
smoke,SMOKE_ONLY_FILTER_NOT_FINAL_CONCLUSION,sop_fx_family,sop_bdd_sop_fx,84abd586fd5f,pipeline,true,false,sweep; bdd; sop; fx; strash; balance; rewrite -z; refactor -z; balance,sweep; bdd; sop; fx; strash; balance; rewrite -z; refactor -z; balance,default,tiny|small|medium|large,tc_public_15,8,small near-two-input AIG bucket,small|near_aig|not_sop|po_medium,small,927,11,0.323562,10.890625,,,not_run,crash,927,11,fallback_current_final,true,opt_crash_or_missing_output,false,,,,0.068103,0.000000,0.000000,0.068103,1.914,0.210479,0.175753,0,,results\pipeline_search2\smoke\sop_bdd_sop_fx\tc_public_15\selected.blif,results\pipeline_search2\smoke\sop_bdd_sop_fx\tc_public_15\raw.candidate.blif,results\pipeline_search2\smoke\sop_bdd_sop_fx\tc_public_15\logs,b6716b277d7af0e0f443c62d61aff5a0153ea09c42473691b4c7e26307dd9067
smoke,SMOKE_ONLY_FILTER_NOT_FINAL_CONCLUSION,sop_fx_family,sop_bdd_sop_fx,84abd586fd5f,pipeline,true,false,sweep; bdd; sop; fx; strash; balance; rewrite -z; refactor -z; balance,sweep; bdd; sop; fx; strash; balance; rewrite -z; refactor -z; balance,default,tiny|small|medium|large,tc_public_28,9,zero-gain guard bucket,small|near_aig|not_sop|po_small,small,520,7,0.260640,10.2890625,,,not_run,crash,520,7,fallback_current_final,true,opt_crash_or_missing_output,false,,,,0.046912,0.000000,0.000000,0.046912,1.914,0.179987,0.186029,0,,results\pipeline_search2\smoke\sop_bdd_sop_fx\tc_public_28\selected.blif,results\pipeline_search2\smoke\sop_bdd_sop_fx\tc_public_28\raw.candidate.blif,results\pipeline_search2\smoke\sop_bdd_sop_fx\tc_public_28\logs,5d3677cff8a3d1a3010faec55cc4ea288269b064de37ccbcfc550d48516ce9f0
smoke,SMOKE_ONLY_FILTER_NOT_FINAL_CONCLUSION,sop_fx_family,sop_bdd_sop_fx,84abd586fd5f,pipeline,true,false,sweep; bdd; sop; fx; strash; balance; rewrite -z; refactor -z; balance,sweep; bdd; sop; fx; strash; balance; rewrite -z; refactor -z; balance,default,tiny|small|medium|large,tc_public_16,10,tiny non-SOP non-AIG guard bucket,tiny|non_aig|not_sop|po_tiny,tiny,45,6,0.251822,9.9296875,,,not_run,crash,45,6,fallback_current_final,true,opt_crash_or_missing_output,false,,,,0.061230,0.000000,0.000000,0.061230,1.906,0.243148,0.191975,0,,results\pipeline_search2\smoke\sop_bdd_sop_fx\tc_public_16\selected.blif,results\pipeline_search2\smoke\sop_bdd_sop_fx\tc_public_16\raw.candidate.blif,results\pipeline_search2\smoke\sop_bdd_sop_fx\tc_public_16\logs,e977a2e2a110859335aab84891bcc5f67ba989d50208809a9a398e8af2e32768
smoke,SMOKE_ONLY_FILTER_NOT_FINAL_CONCLUSION,sop_fx_family,sop_sweep_strash_dc2,6e5871199c23,pipeline,true,false,sweep; strash; balance; rewrite -z; refactor -z; dc2; balance,sweep; strash; balance; rewrite -z; refactor -z; dc2; balance,default,tiny|small|medium|large,tc_public_30,1,largest node gain vs baseline,large|near_aig|not_sop|po_small,large,6613,21,2.162263,31.3046875,6613,21,passed,ok,6613,21,selected_raw,false,,false,,0,0,0.407268,1.344625,0.060299,1.812192,31.289,0.838100,0.999501,0,0,results\pipeline_search2\smoke\sop_sweep_strash_dc2\tc_public_30\selected.blif,results\pipeline_search2\smoke\sop_sweep_strash_dc2\tc_public_30\raw.candidate.blif,results\pipeline_search2\smoke\sop_sweep_strash_dc2\tc_public_30\logs,86bf01c667db2eec302c50f7612fefa413cbdbd6c1e7a2b122d2201dcb7fc5ca
smoke,SMOKE_ONLY_FILTER_NOT_FINAL_CONCLUSION,sop_fx_family,sop_sweep_strash_dc2,6e5871199c23,pipeline,true,false,sweep; strash; balance; rewrite -z; refactor -z; dc2; balance,sweep; strash; balance; rewrite -z; refactor -z; dc2; balance,default,tiny|small|medium|large,tc_public_14,2,max-level pressure case; large near-two-input AIG with medium output bin,large|near_aig|not_sop|po_medium,large,3703,25,0.586281,19.07421875,3703,25,passed,ok,3703,25,selected_raw,false,,false,,0,0,0.263901,0.154968,0.059499,0.478368,19.207,0.815936,1.006963,0,0,results\pipeline_search2\smoke\sop_sweep_strash_dc2\tc_public_14\selected.blif,results\pipeline_search2\smoke\sop_sweep_strash_dc2\tc_public_14\raw.candidate.blif,results\pipeline_search2\smoke\sop_sweep_strash_dc2\tc_public_14\logs,5b3e1f925f708836c2958d30720478bb1bc9ba38b10f238ba6c28d4181bea76f
smoke,SMOKE_ONLY_FILTER_NOT_FINAL_CONCLUSION,sop_fx_family,sop_sweep_strash_dc2,6e5871199c23,pipeline,true,false,sweep; strash; balance; rewrite -z; refactor -z; dc2; balance,sweep; strash; balance; rewrite -z; refactor -z; dc2; balance,default,tiny|small|medium|large,tc_public_22,3,large near-two-input AIG with small output bin,large|near_aig|not_sop|po_small,large,11067,20,3.665116,30.44140625,11067,20,passed,ok,11067,20,selected_raw,false,,false,,0,0,2.439257,0.925435,0.081693,3.446385,30.395,0.940321,0.998460,0,0,results\pipeline_search2\smoke\sop_sweep_strash_dc2\tc_public_22\selected.blif,results\pipeline_search2\smoke\sop_sweep_strash_dc2\tc_public_22\raw.candidate.blif,results\pipeline_search2\smoke\sop_sweep_strash_dc2\tc_public_22\logs,7ff80ba2ae9204b0a539755843e71e16e3f21567f6db5a0d48e59912ccf4930f
smoke,SMOKE_ONLY_FILTER_NOT_FINAL_CONCLUSION,sop_fx_family,sop_sweep_strash_dc2,6e5871199c23,pipeline,true,false,sweep; strash; balance; rewrite -z; refactor -z; dc2; balance,sweep; strash; balance; rewrite -z; refactor -z; dc2; balance,default,tiny|small|medium|large,tc_public_12,4,medium non-AIG selector rewrite bucket,medium|non_aig|not_sop|po_large,medium,1385,13,0.346738,13.5625,1388,14,passed,ok,1388,14,selected_raw,false,,false,,3,1,0.150939,0.097653,0.062055,0.310647,12.445,0.895914,0.917627,0,0,results\pipeline_search2\smoke\sop_sweep_strash_dc2\tc_public_12\selected.blif,results\pipeline_search2\smoke\sop_sweep_strash_dc2\tc_public_12\raw.candidate.blif,results\pipeline_search2\smoke\sop_sweep_strash_dc2\tc_public_12\logs,eab797f5ab6c332d6e666bc6d4c2f1237fe9c9da79ef93640af257fe5a74974f
smoke,SMOKE_ONLY_FILTER_NOT_FINAL_CONCLUSION,sop_fx_family,sop_sweep_strash_dc2,6e5871199c23,pipeline,true,false,sweep; strash; balance; rewrite -z; refactor -z; dc2; balance,sweep; strash; balance; rewrite -z; refactor -z; dc2; balance,default,tiny|small|medium|large,tc_public_23,5,medium near-two-input AIG bucket,medium|near_aig|not_sop|po_tiny,medium,1530,16,0.312543,12.61328125,1530,16,passed,ok,1530,16,selected_raw,false,,false,,0,0,0.134267,0.085268,0.060978,0.280513,12.508,0.897518,0.991638,0,0,results\pipeline_search2\smoke\sop_sweep_strash_dc2\tc_public_23\selected.blif,results\pipeline_search2\smoke\sop_sweep_strash_dc2\tc_public_23\raw.candidate.blif,results\pipeline_search2\smoke\sop_sweep_strash_dc2\tc_public_23\logs,b7fdf1bd7f26a47f1dcf573fe93589059deff55b027d34d68436ca3340c7c670
smoke,SMOKE_ONLY_FILTER_NOT_FINAL_CONCLUSION,sop_fx_family,sop_sweep_strash_dc2,6e5871199c23,pipeline,true,false,sweep; strash; balance; rewrite -z; refactor -z; dc2; balance,sweep; strash; balance; rewrite -z; refactor -z; dc2; balance,default,tiny|small|medium|large,tc_public_9,6,tiny high-fanin SOP bucket,tiny|non_aig|high_sop|po_medium,tiny,224,5,0.284901,10.55859375,224,5,passed,ok,224,5,selected_raw,false,,false,,0,0,0.080476,0.082086,0.059663,0.222225,10.559,0.780007,1.000000,0,0,results\pipeline_search2\smoke\sop_sweep_strash_dc2\tc_public_9\selected.blif,results\pipeline_search2\smoke\sop_sweep_strash_dc2\tc_public_9\raw.candidate.blif,results\pipeline_search2\smoke\sop_sweep_strash_dc2\tc_public_9\logs,1fa95d946b2c8468cdb684e35b04edb12084a0f2102144c6195add00407b4f19
smoke,SMOKE_ONLY_FILTER_NOT_FINAL_CONCLUSION,sop_fx_family,sop_sweep_strash_dc2,6e5871199c23,pipeline,true,false,sweep; strash; balance; rewrite -z; refactor -z; dc2; balance,sweep; strash; balance; rewrite -z; refactor -z; dc2; balance,default,tiny|small|medium|large,tc_public_7,7,small high-fanin SOP bucket,small|non_aig|high_sop|po_medium,small,252,3,0.270967,10.65234375,252,3,passed,ok,252,3,selected_raw,false,,false,,0,0,0.097665,0.083331,0.062684,0.243680,10.633,0.899299,0.998166,0,0,results\pipeline_search2\smoke\sop_sweep_strash_dc2\tc_public_7\selected.blif,results\pipeline_search2\smoke\sop_sweep_strash_dc2\tc_public_7\raw.candidate.blif,results\pipeline_search2\smoke\sop_sweep_strash_dc2\tc_public_7\logs,3b7da63fd7263d4d01eb6a688c70a8d2cc70f7148b83c63d708a8a353a241876
smoke,SMOKE_ONLY_FILTER_NOT_FINAL_CONCLUSION,sop_fx_family,sop_sweep_strash_dc2,6e5871199c23,pipeline,true,false,sweep; strash; balance; rewrite -z; refactor -z; dc2; balance,sweep; strash; balance; rewrite -z; refactor -z; dc2; balance,default,tiny|small|medium|large,tc_public_15,8,small near-two-input AIG bucket,small|near_aig|not_sop|po_medium,small,927,11,0.323562,10.890625,927,11,passed,ok,927,11,selected_raw,false,,false,,0,0,0.119099,0.097787,0.061561,0.278447,11.984,0.860567,1.100430,0,0,results\pipeline_search2\smoke\sop_sweep_strash_dc2\tc_public_15\selected.blif,results\pipeline_search2\smoke\sop_sweep_strash_dc2\tc_public_15\raw.candidate.blif,results\pipeline_search2\smoke\sop_sweep_strash_dc2\tc_public_15\logs,386200de220cb4e223a8d53aaa1f0763f1ee8e5d3fe51c14f29a6aa7cc7cca65
smoke,SMOKE_ONLY_FILTER_NOT_FINAL_CONCLUSION,sop_fx_family,sop_sweep_strash_dc2,6e5871199c23,pipeline,true,false,sweep; strash; balance; rewrite -z; refactor -z; dc2; balance,sweep; strash; balance; rewrite -z; refactor -z; dc2; balance,default,tiny|small|medium|large,tc_public_28,9,zero-gain guard bucket,small|near_aig|not_sop|po_small,small,520,7,0.260640,10.2890625,520,7,passed,ok,520,7,selected_raw,false,,false,,0,0,0.097926,0.084501,0.063542,0.245969,10.281,0.943710,0.999241,0,0,results\pipeline_search2\smoke\sop_sweep_strash_dc2\tc_public_28\selected.blif,results\pipeline_search2\smoke\sop_sweep_strash_dc2\tc_public_28\raw.candidate.blif,results\pipeline_search2\smoke\sop_sweep_strash_dc2\tc_public_28\logs,f30d6299d2b2a51bd942f38ceed90e4074d82cfc2ab76c2e5640ebc7b52a5225
smoke,SMOKE_ONLY_FILTER_NOT_FINAL_CONCLUSION,sop_fx_family,sop_sweep_strash_dc2,6e5871199c23,pipeline,true,false,sweep; strash; balance; rewrite -z; refactor -z; dc2; balance,sweep; strash; balance; rewrite -z; refactor -z; dc2; balance,default,tiny|small|medium|large,tc_public_16,10,tiny non-SOP non-AIG guard bucket,tiny|non_aig|not_sop|po_tiny,tiny,45,6,0.251822,9.9296875,45,6,passed,ok,45,6,selected_raw,false,,false,,0,0,0.092037,0.060400,0.061733,0.214170,9.934,0.850483,1.000393,0,0,results\pipeline_search2\smoke\sop_sweep_strash_dc2\tc_public_16\selected.blif,results\pipeline_search2\smoke\sop_sweep_strash_dc2\tc_public_16\raw.candidate.blif,results\pipeline_search2\smoke\sop_sweep_strash_dc2\tc_public_16\logs,9a5bee852f6f6ea66728ee7fe95bdc39d6ce44f90a6cea084475e647347ffca4
smoke,SMOKE_ONLY_FILTER_NOT_FINAL_CONCLUSION,lut_mfs_roundtrip_family,lut_if4_mfs3,3ec9574d8ea1,pipeline,false,true,strash; if -K 4; mfs3; strash; balance; rewrite -z; refactor -z; dc2; balance,strash; if -K 4; mfs3; strash; balance; rewrite -z; refactor -z; dc2; balance,default,tiny|small|medium|large,tc_public_30,1,largest node gain vs baseline,large|near_aig|not_sop|po_small,large,6613,21,2.162263,31.3046875,,,not_run,crash,6613,21,fallback_current_final,true,opt_crash_or_missing_output,false,,,,0.567662,0.000000,0.000000,0.567662,16.297,0.262531,0.520589,0,,results\pipeline_search2\smoke\lut_if4_mfs3\tc_public_30\selected.blif,results\pipeline_search2\smoke\lut_if4_mfs3\tc_public_30\raw.candidate.blif,results\pipeline_search2\smoke\lut_if4_mfs3\tc_public_30\logs,9a5f667136cecb26e72962cd4748632f45447ae40de7f18e4fe2ecc7dd079abe
smoke,SMOKE_ONLY_FILTER_NOT_FINAL_CONCLUSION,lut_mfs_roundtrip_family,lut_if4_mfs3,3ec9574d8ea1,pipeline,false,true,strash; if -K 4; mfs3; strash; balance; rewrite -z; refactor -z; dc2; balance,strash; if -K 4; mfs3; strash; balance; rewrite -z; refactor -z; dc2; balance,default,tiny|small|medium|large,tc_public_14,2,max-level pressure case; large near-two-input AIG with medium output bin,large|near_aig|not_sop|po_medium,large,3703,25,0.586281,19.07421875,,,not_run,crash,3703,25,fallback_current_final,true,opt_crash_or_missing_output,false,,,,0.099886,0.000000,0.000000,0.099886,10.949,0.170372,0.574032,0,,results\pipeline_search2\smoke\lut_if4_mfs3\tc_public_14\selected.blif,results\pipeline_search2\smoke\lut_if4_mfs3\tc_public_14\raw.candidate.blif,results\pipeline_search2\smoke\lut_if4_mfs3\tc_public_14\logs,166928fb9dec5c31c5406ef0fcb928a4fe96fbad85f15ffd886bbb9e5381c370
smoke,SMOKE_ONLY_FILTER_NOT_FINAL_CONCLUSION,lut_mfs_roundtrip_family,lut_if4_mfs3,3ec9574d8ea1,pipeline,false,true,strash; if -K 4; mfs3; strash; balance; rewrite -z; refactor -z; dc2; balance,strash; if -K 4; mfs3; strash; balance; rewrite -z; refactor -z; dc2; balance,default,tiny|small|medium|large,tc_public_22,3,large near-two-input AIG with small output bin,large|near_aig|not_sop|po_small,large,11067,20,3.665116,30.44140625,,,not_run,crash,11067,20,fallback_current_final,true,opt_crash_or_missing_output,false,,,,0.137044,0.000000,0.000000,0.137044,14.172,0.037391,0.465546,0,,results\pipeline_search2\smoke\lut_if4_mfs3\tc_public_22\selected.blif,results\pipeline_search2\smoke\lut_if4_mfs3\tc_public_22\raw.candidate.blif,results\pipeline_search2\smoke\lut_if4_mfs3\tc_public_22\logs,a6dd3b90d046198e66c52fd87424fb5e87d235cc27c900ec9d773d50494b668f
smoke,SMOKE_ONLY_FILTER_NOT_FINAL_CONCLUSION,lut_mfs_roundtrip_family,lut_if4_mfs3,3ec9574d8ea1,pipeline,false,true,strash; if -K 4; mfs3; strash; balance; rewrite -z; refactor -z; dc2; balance,strash; if -K 4; mfs3; strash; balance; rewrite -z; refactor -z; dc2; balance,default,tiny|small|medium|large,tc_public_12,4,medium non-AIG selector rewrite bucket,medium|non_aig|not_sop|po_large,medium,1385,13,0.346738,13.5625,,,not_run,crash,1385,13,fallback_current_final,true,opt_crash_or_missing_output,false,,,,0.062376,0.000000,0.000000,0.062376,1.914,0.179894,0.141129,0,,results\pipeline_search2\smoke\lut_if4_mfs3\tc_public_12\selected.blif,results\pipeline_search2\smoke\lut_if4_mfs3\tc_public_12\raw.candidate.blif,results\pipeline_search2\smoke\lut_if4_mfs3\tc_public_12\logs,2784c06da0d60ca7d53974b3e338eb9b072791dd70c12447dc920c9c7c837796
smoke,SMOKE_ONLY_FILTER_NOT_FINAL_CONCLUSION,lut_mfs_roundtrip_family,lut_if4_mfs3,3ec9574d8ea1,pipeline,false,true,strash; if -K 4; mfs3; strash; balance; rewrite -z; refactor -z; dc2; balance,strash; if -K 4; mfs3; strash; balance; rewrite -z; refactor -z; dc2; balance,default,tiny|small|medium|large,tc_public_23,5,medium near-two-input AIG bucket,medium|near_aig|not_sop|po_tiny,medium,1530,16,0.312543,12.61328125,,,not_run,crash,1530,16,fallback_current_final,true,opt_crash_or_missing_output,false,,,,0.085160,0.000000,0.000000,0.085160,10.828,0.272474,0.858470,0,,results\pipeline_search2\smoke\lut_if4_mfs3\tc_public_23\selected.blif,results\pipeline_search2\smoke\lut_if4_mfs3\tc_public_23\raw.candidate.blif,results\pipeline_search2\smoke\lut_if4_mfs3\tc_public_23\logs,ef10e7e15f3fc94ae49effba443766db92ecf7a4fb535ddad37292e098af60cb
smoke,SMOKE_ONLY_FILTER_NOT_FINAL_CONCLUSION,lut_mfs_roundtrip_family,lut_if4_mfs3,3ec9574d8ea1,pipeline,false,true,strash; if -K 4; mfs3; strash; balance; rewrite -z; refactor -z; dc2; balance,strash; if -K 4; mfs3; strash; balance; rewrite -z; refactor -z; dc2; balance,default,tiny|small|medium|large,tc_public_9,6,tiny high-fanin SOP bucket,tiny|non_aig|high_sop|po_medium,tiny,224,5,0.284901,10.55859375,,,not_run,crash,224,5,fallback_current_final,true,opt_crash_or_missing_output,false,,,,0.083237,0.000000,0.000000,0.083237,10.027,0.292161,0.949686,0,,results\pipeline_search2\smoke\lut_if4_mfs3\tc_public_9\selected.blif,results\pipeline_search2\smoke\lut_if4_mfs3\tc_public_9\raw.candidate.blif,results\pipeline_search2\smoke\lut_if4_mfs3\tc_public_9\logs,43cc7401c413ad8cd54258c6167d619388ca3913bfeeb0a4948bdf74ae364c9d
smoke,SMOKE_ONLY_FILTER_NOT_FINAL_CONCLUSION,lut_mfs_roundtrip_family,lut_if4_mfs3,3ec9574d8ea1,pipeline,false,true,strash; if -K 4; mfs3; strash; balance; rewrite -z; refactor -z; dc2; balance,strash; if -K 4; mfs3; strash; balance; rewrite -z; refactor -z; dc2; balance,default,tiny|small|medium|large,tc_public_7,7,small high-fanin SOP bucket,small|non_aig|high_sop|po_medium,small,252,3,0.270967,10.65234375,,,not_run,crash,252,3,fallback_current_final,true,opt_crash_or_missing_output,false,,,,0.080352,0.000000,0.000000,0.080352,10.051,0.296538,0.943528,0,,results\pipeline_search2\smoke\lut_if4_mfs3\tc_public_7\selected.blif,results\pipeline_search2\smoke\lut_if4_mfs3\tc_public_7\raw.candidate.blif,results\pipeline_search2\smoke\lut_if4_mfs3\tc_public_7\logs,2f11a208f6146443285473a991f38fbb7afdd84f205344c152a405a93929a1dc
smoke,SMOKE_ONLY_FILTER_NOT_FINAL_CONCLUSION,lut_mfs_roundtrip_family,lut_if4_mfs3,3ec9574d8ea1,pipeline,false,true,strash; if -K 4; mfs3; strash; balance; rewrite -z; refactor -z; dc2; balance,strash; if -K 4; mfs3; strash; balance; rewrite -z; refactor -z; dc2; balance,default,tiny|small|medium|large,tc_public_15,8,small near-two-input AIG bucket,small|near_aig|not_sop|po_medium,small,927,11,0.323562,10.890625,,,not_run,crash,927,11,fallback_current_final,true,opt_crash_or_missing_output,false,,,,0.059184,0.000000,0.000000,0.059184,1.910,0.182914,0.175395,0,,results\pipeline_search2\smoke\lut_if4_mfs3\tc_public_15\selected.blif,results\pipeline_search2\smoke\lut_if4_mfs3\tc_public_15\raw.candidate.blif,results\pipeline_search2\smoke\lut_if4_mfs3\tc_public_15\logs,104c2a1d45bd7fe77f86938f0d38d7f1713034b13a954c8f16d072be00bae3d6
smoke,SMOKE_ONLY_FILTER_NOT_FINAL_CONCLUSION,lut_mfs_roundtrip_family,lut_if4_mfs3,3ec9574d8ea1,pipeline,false,true,strash; if -K 4; mfs3; strash; balance; rewrite -z; refactor -z; dc2; balance,strash; if -K 4; mfs3; strash; balance; rewrite -z; refactor -z; dc2; balance,default,tiny|small|medium|large,tc_public_28,9,zero-gain guard bucket,small|near_aig|not_sop|po_small,small,520,7,0.260640,10.2890625,,,not_run,crash,520,7,fallback_current_final,true,opt_crash_or_missing_output,false,,,,0.060227,0.000000,0.000000,0.060227,1.898,0.231073,0.184510,0,,results\pipeline_search2\smoke\lut_if4_mfs3\tc_public_28\selected.blif,results\pipeline_search2\smoke\lut_if4_mfs3\tc_public_28\raw.candidate.blif,results\pipeline_search2\smoke\lut_if4_mfs3\tc_public_28\logs,548201321dba179834c35fc00af613f6d965423906452e68fadb76051ad64fb7
smoke,SMOKE_ONLY_FILTER_NOT_FINAL_CONCLUSION,lut_mfs_roundtrip_family,lut_if4_mfs3,3ec9574d8ea1,pipeline,false,true,strash; if -K 4; mfs3; strash; balance; rewrite -z; refactor -z; dc2; balance,strash; if -K 4; mfs3; strash; balance; rewrite -z; refactor -z; dc2; balance,default,tiny|small|medium|large,tc_public_16,10,tiny non-SOP non-AIG guard bucket,tiny|non_aig|not_sop|po_tiny,tiny,45,6,0.251822,9.9296875,,,not_run,crash,45,6,fallback_current_final,true,opt_crash_or_missing_output,false,,,,0.062161,0.000000,0.000000,0.062161,1.906,0.246845,0.191975,0,,results\pipeline_search2\smoke\lut_if4_mfs3\tc_public_16\selected.blif,results\pipeline_search2\smoke\lut_if4_mfs3\tc_public_16\raw.candidate.blif,results\pipeline_search2\smoke\lut_if4_mfs3\tc_public_16\logs,7f69259e95b1b1df2d3db574bf1b3975dfd0f8b7ca7108be42ffed056af8ccc7
smoke,SMOKE_ONLY_FILTER_NOT_FINAL_CONCLUSION,lut_mfs_roundtrip_family,lut_if5_st,d41da6162fee,pipeline,false,true,strash; if -K 5; st; strash; balance; rewrite -z; refactor -z; dc2; balance,strash; if -K 5; st; strash; balance; rewrite -z; refactor -z; dc2; balance,default,tiny|small|medium|large,tc_public_30,1,largest node gain vs baseline,large|near_aig|not_sop|po_small,large,6613,21,2.162263,31.3046875,7990,21,passed,metric_regression,6613,21,fallback_current_final,true,metric_regression: nodes_worse:1377,true,nodes_worse:1377,1377,0,0.822781,1.537998,0.059439,2.420218,33.309,1.119299,1.064013,0,0,results\pipeline_search2\smoke\lut_if5_st\tc_public_30\selected.blif,results\pipeline_search2\smoke\lut_if5_st\tc_public_30\raw.candidate.blif,results\pipeline_search2\smoke\lut_if5_st\tc_public_30\logs,e22cdb76fb340defef9d6bd8e4663c29fe3f89d8a5d19d0af95c0c2fa4dec325
smoke,SMOKE_ONLY_FILTER_NOT_FINAL_CONCLUSION,lut_mfs_roundtrip_family,lut_if5_st,d41da6162fee,pipeline,false,true,strash; if -K 5; st; strash; balance; rewrite -z; refactor -z; dc2; balance,strash; if -K 5; st; strash; balance; rewrite -z; refactor -z; dc2; balance,default,tiny|small|medium|large,tc_public_14,2,max-level pressure case; large near-two-input AIG with medium output bin,large|near_aig|not_sop|po_medium,large,3703,25,0.586281,19.07421875,3641,26,passed,ok,3641,26,selected_raw,false,,false,,-62,1,0.321819,0.156835,0.071939,0.550593,19.219,0.939128,1.007577,0,0,results\pipeline_search2\smoke\lut_if5_st\tc_public_14\selected.blif,results\pipeline_search2\smoke\lut_if5_st\tc_public_14\raw.candidate.blif,results\pipeline_search2\smoke\lut_if5_st\tc_public_14\logs,bad83b6ae25764527e03641749a1153b74e6aa74b11935d906b5514892bf152f
smoke,SMOKE_ONLY_FILTER_NOT_FINAL_CONCLUSION,lut_mfs_roundtrip_family,lut_if5_st,d41da6162fee,pipeline,false,true,strash; if -K 5; st; strash; balance; rewrite -z; refactor -z; dc2; balance,strash; if -K 5; st; strash; balance; rewrite -z; refactor -z; dc2; balance,default,tiny|small|medium|large,tc_public_22,3,large near-two-input AIG with small output bin,large|near_aig|not_sop|po_small,large,11067,20,3.665116,30.44140625,11055,20,passed,ok,11055,20,selected_raw,false,,false,,-12,0,2.533967,0.930964,0.082472,3.547403,30.074,0.967883,0.987938,0,0,results\pipeline_search2\smoke\lut_if5_st\tc_public_22\selected.blif,results\pipeline_search2\smoke\lut_if5_st\tc_public_22\raw.candidate.blif,results\pipeline_search2\smoke\lut_if5_st\tc_public_22\logs,e9ad78205787fb4289b432ca23343c910baa5517a5c7d7cc72cf2eb44ae07967
smoke,SMOKE_ONLY_FILTER_NOT_FINAL_CONCLUSION,lut_mfs_roundtrip_family,lut_if5_st,d41da6162fee,pipeline,false,true,strash; if -K 5; st; strash; balance; rewrite -z; refactor -z; dc2; balance,strash; if -K 5; st; strash; balance; rewrite -z; refactor -z; dc2; balance,default,tiny|small|medium|large,tc_public_12,4,medium non-AIG selector rewrite bucket,medium|non_aig|not_sop|po_large,medium,1385,13,0.346738,13.5625,1387,14,passed,ok,1387,14,selected_raw,false,,false,,2,1,0.137291,0.081286,0.060756,0.279333,13.902,0.805604,1.025058,0,0,results\pipeline_search2\smoke\lut_if5_st\tc_public_12\selected.blif,results\pipeline_search2\smoke\lut_if5_st\tc_public_12\raw.candidate.blif,results\pipeline_search2\smoke\lut_if5_st\tc_public_12\logs,a23ed157af404c7869d6aa62c3b06caa4d3ceb2307b41141169483cf7eda2f27
smoke,SMOKE_ONLY_FILTER_NOT_FINAL_CONCLUSION,lut_mfs_roundtrip_family,lut_if5_st,d41da6162fee,pipeline,false,true,strash; if -K 5; st; strash; balance; rewrite -z; refactor -z; dc2; balance,strash; if -K 5; st; strash; balance; rewrite -z; refactor -z; dc2; balance,default,tiny|small|medium|large,tc_public_23,5,medium near-two-input AIG bucket,medium|near_aig|not_sop|po_tiny,medium,1530,16,0.312543,12.61328125,1530,16,passed,ok,1530,16,selected_raw,false,,false,,0,0,0.136144,0.081378,0.061205,0.278727,11.363,0.891803,0.900898,0,0,results\pipeline_search2\smoke\lut_if5_st\tc_public_23\selected.blif,results\pipeline_search2\smoke\lut_if5_st\tc_public_23\raw.candidate.blif,results\pipeline_search2\smoke\lut_if5_st\tc_public_23\logs,082395dedd69d0947969681e7c004b751ce7eaabaaa56c32266fab9ec9d06d7e
smoke,SMOKE_ONLY_FILTER_NOT_FINAL_CONCLUSION,lut_mfs_roundtrip_family,lut_if5_st,d41da6162fee,pipeline,false,true,strash; if -K 5; st; strash; balance; rewrite -z; refactor -z; dc2; balance,strash; if -K 5; st; strash; balance; rewrite -z; refactor -z; dc2; balance,default,tiny|small|medium|large,tc_public_9,6,tiny high-fanin SOP bucket,tiny|non_aig|high_sop|po_medium,tiny,224,5,0.284901,10.55859375,224,5,passed,ok,224,5,selected_raw,false,,false,,0,0,0.108639,0.083004,0.061670,0.253313,10.547,0.889125,0.998890,0,0,results\pipeline_search2\smoke\lut_if5_st\tc_public_9\selected.blif,results\pipeline_search2\smoke\lut_if5_st\tc_public_9\raw.candidate.blif,results\pipeline_search2\smoke\lut_if5_st\tc_public_9\logs,2bf704a35cd149d36a1fdb9edf76880eed600e0e55097b0ff70cadbfbb9ade37
smoke,SMOKE_ONLY_FILTER_NOT_FINAL_CONCLUSION,lut_mfs_roundtrip_family,lut_if5_st,d41da6162fee,pipeline,false,true,strash; if -K 5; st; strash; balance; rewrite -z; refactor -z; dc2; balance,strash; if -K 5; st; strash; balance; rewrite -z; refactor -z; dc2; balance,default,tiny|small|medium|large,tc_public_7,7,small high-fanin SOP bucket,small|non_aig|high_sop|po_medium,small,252,3,0.270967,10.65234375,252,3,passed,ok,252,3,selected_raw,false,,false,,0,0,0.097370,0.083226,0.061141,0.241737,10.672,0.892128,1.001834,0,0,results\pipeline_search2\smoke\lut_if5_st\tc_public_7\selected.blif,results\pipeline_search2\smoke\lut_if5_st\tc_public_7\raw.candidate.blif,results\pipeline_search2\smoke\lut_if5_st\tc_public_7\logs,7d80eaef758d883524eb01760099edfb904ca2a99ff33d6b52b4881b678fd204
smoke,SMOKE_ONLY_FILTER_NOT_FINAL_CONCLUSION,lut_mfs_roundtrip_family,lut_if5_st,d41da6162fee,pipeline,false,true,strash; if -K 5; st; strash; balance; rewrite -z; refactor -z; dc2; balance,strash; if -K 5; st; strash; balance; rewrite -z; refactor -z; dc2; balance,default,tiny|small|medium|large,tc_public_15,8,small near-two-input AIG bucket,small|near_aig|not_sop|po_medium,small,927,11,0.323562,10.890625,923,11,passed,ok,923,11,selected_raw,false,,false,,-4,0,0.118223,0.099487,0.062113,0.279823,11.863,0.864820,1.089311,0,0,results\pipeline_search2\smoke\lut_if5_st\tc_public_15\selected.blif,results\pipeline_search2\smoke\lut_if5_st\tc_public_15\raw.candidate.blif,results\pipeline_search2\smoke\lut_if5_st\tc_public_15\logs,5db10aa3b6b80a6ac2660331c2779f5cec5f4c53653fa3be94b669f07da15d7b
smoke,SMOKE_ONLY_FILTER_NOT_FINAL_CONCLUSION,lut_mfs_roundtrip_family,lut_if5_st,d41da6162fee,pipeline,false,true,strash; if -K 5; st; strash; balance; rewrite -z; refactor -z; dc2; balance,strash; if -K 5; st; strash; balance; rewrite -z; refactor -z; dc2; balance,default,tiny|small|medium|large,tc_public_28,9,zero-gain guard bucket,small|near_aig|not_sop|po_small,small,520,7,0.260640,10.2890625,522,8,passed,ok,522,8,selected_raw,false,,false,,2,1,0.097302,0.084097,0.063004,0.244403,10.395,0.937702,1.010251,0,0,results\pipeline_search2\smoke\lut_if5_st\tc_public_28\selected.blif,results\pipeline_search2\smoke\lut_if5_st\tc_public_28\raw.candidate.blif,results\pipeline_search2\smoke\lut_if5_st\tc_public_28\logs,ca3d38c6924a6ea451c575bbee54b8843e6954957cc07e195384a3218be58fbe
smoke,SMOKE_ONLY_FILTER_NOT_FINAL_CONCLUSION,lut_mfs_roundtrip_family,lut_if5_st,d41da6162fee,pipeline,false,true,strash; if -K 5; st; strash; balance; rewrite -z; refactor -z; dc2; balance,strash; if -K 5; st; strash; balance; rewrite -z; refactor -z; dc2; balance,default,tiny|small|medium|large,tc_public_16,10,tiny non-SOP non-AIG guard bucket,tiny|non_aig|not_sop|po_tiny,tiny,45,6,0.251822,9.9296875,45,6,passed,ok,45,6,selected_raw,false,,false,,0,0,0.082010,0.059047,0.060383,0.201440,10.082,0.799932,1.015342,0,0,results\pipeline_search2\smoke\lut_if5_st\tc_public_16\selected.blif,results\pipeline_search2\smoke\lut_if5_st\tc_public_16\raw.candidate.blif,results\pipeline_search2\smoke\lut_if5_st\tc_public_16\logs,aed5552720af7fdff10a1a7f210f62843ad9389d76ccf11a0d4f1968ef5571a3
smoke,SMOKE_ONLY_FILTER_NOT_FINAL_CONCLUSION,lut_mfs_roundtrip_family,lut_if6_mfs3,94bdb359d9bf,pipeline,false,true,strash; if -K 6; mfs3; strash; balance; rewrite -z; refactor -z; dc2; balance,strash; if -K 6; mfs3; strash; balance; rewrite -z; refactor -z; dc2; balance,default,tiny|small|medium|large,tc_public_30,1,largest node gain vs baseline,large|near_aig|not_sop|po_small,large,6613,21,2.162263,31.3046875,,,not_run,crash,6613,21,fallback_current_final,true,opt_crash_or_missing_output,false,,,,0.410355,0.000000,0.000000,0.410355,16.363,0.189780,0.522710,0,,results\pipeline_search2\smoke\lut_if6_mfs3\tc_public_30\selected.blif,results\pipeline_search2\smoke\lut_if6_mfs3\tc_public_30\raw.candidate.blif,results\pipeline_search2\smoke\lut_if6_mfs3\tc_public_30\logs,2d74a451e991eb9b1f1fbb43d8b9330fcdd385a12ab61778f2ab937573d9069c
smoke,SMOKE_ONLY_FILTER_NOT_FINAL_CONCLUSION,lut_mfs_roundtrip_family,lut_if6_mfs3,94bdb359d9bf,pipeline,false,true,strash; if -K 6; mfs3; strash; balance; rewrite -z; refactor -z; dc2; balance,strash; if -K 6; mfs3; strash; balance; rewrite -z; refactor -z; dc2; balance,default,tiny|small|medium|large,tc_public_14,2,max-level pressure case; large near-two-input AIG with medium output bin,large|near_aig|not_sop|po_medium,large,3703,25,0.586281,19.07421875,,,not_run,crash,3703,25,fallback_current_final,true,opt_crash_or_missing_output,false,,,,0.148596,0.000000,0.000000,0.148596,12.703,0.253455,0.665984,0,,results\pipeline_search2\smoke\lut_if6_mfs3\tc_public_14\selected.blif,results\pipeline_search2\smoke\lut_if6_mfs3\tc_public_14\raw.candidate.blif,results\pipeline_search2\smoke\lut_if6_mfs3\tc_public_14\logs,30f80fa2aca4e335141a6dd3a12468300fa271788693c069f84455e5881368b8
smoke,SMOKE_ONLY_FILTER_NOT_FINAL_CONCLUSION,lut_mfs_roundtrip_family,lut_if6_mfs3,94bdb359d9bf,pipeline,false,true,strash; if -K 6; mfs3; strash; balance; rewrite -z; refactor -z; dc2; balance,strash; if -K 6; mfs3; strash; balance; rewrite -z; refactor -z; dc2; balance,default,tiny|small|medium|large,tc_public_22,3,large near-two-input AIG with small output bin,large|near_aig|not_sop|po_small,large,11067,20,3.665116,30.44140625,,,not_run,crash,11067,20,fallback_current_final,true,opt_crash_or_missing_output,false,,,,0.170470,0.000000,0.000000,0.170470,14.309,0.046511,0.470037,0,,results\pipeline_search2\smoke\lut_if6_mfs3\tc_public_22\selected.blif,results\pipeline_search2\smoke\lut_if6_mfs3\tc_public_22\raw.candidate.blif,results\pipeline_search2\smoke\lut_if6_mfs3\tc_public_22\logs,79a70d21894b50b847d6aa5ad148e111babe72e83dae2df9d03d2988fb613d8e
smoke,SMOKE_ONLY_FILTER_NOT_FINAL_CONCLUSION,lut_mfs_roundtrip_family,lut_if6_mfs3,94bdb359d9bf,pipeline,false,true,strash; if -K 6; mfs3; strash; balance; rewrite -z; refactor -z; dc2; balance,strash; if -K 6; mfs3; strash; balance; rewrite -z; refactor -z; dc2; balance,default,tiny|small|medium|large,tc_public_12,4,medium non-AIG selector rewrite bucket,medium|non_aig|not_sop|po_large,medium,1385,13,0.346738,13.5625,,,not_run,crash,1385,13,fallback_current_final,true,opt_crash_or_missing_output,false,,,,0.060832,0.000000,0.000000,0.060832,1.906,0.175441,0.140553,0,,results\pipeline_search2\smoke\lut_if6_mfs3\tc_public_12\selected.blif,results\pipeline_search2\smoke\lut_if6_mfs3\tc_public_12\raw.candidate.blif,results\pipeline_search2\smoke\lut_if6_mfs3\tc_public_12\logs,ba6c61e5f302fdc7b518e7787077eb7ca465bf09e0c56535517e358b73a9a887
smoke,SMOKE_ONLY_FILTER_NOT_FINAL_CONCLUSION,lut_mfs_roundtrip_family,lut_if6_mfs3,94bdb359d9bf,pipeline,false,true,strash; if -K 6; mfs3; strash; balance; rewrite -z; refactor -z; dc2; balance,strash; if -K 6; mfs3; strash; balance; rewrite -z; refactor -z; dc2; balance,default,tiny|small|medium|large,tc_public_23,5,medium near-two-input AIG bucket,medium|near_aig|not_sop|po_tiny,medium,1530,16,0.312543,12.61328125,,,not_run,crash,1530,16,fallback_current_final,true,opt_crash_or_missing_output,false,,,,0.082177,0.000000,0.000000,0.082177,10.160,0.262930,0.805513,0,,results\pipeline_search2\smoke\lut_if6_mfs3\tc_public_23\selected.blif,results\pipeline_search2\smoke\lut_if6_mfs3\tc_public_23\raw.candidate.blif,results\pipeline_search2\smoke\lut_if6_mfs3\tc_public_23\logs,8d42f1278fe425c5c711f09fbe73514ffe219ecc7074561889824ae9949e48a5
smoke,SMOKE_ONLY_FILTER_NOT_FINAL_CONCLUSION,lut_mfs_roundtrip_family,lut_if6_mfs3,94bdb359d9bf,pipeline,false,true,strash; if -K 6; mfs3; strash; balance; rewrite -z; refactor -z; dc2; balance,strash; if -K 6; mfs3; strash; balance; rewrite -z; refactor -z; dc2; balance,default,tiny|small|medium|large,tc_public_9,6,tiny high-fanin SOP bucket,tiny|non_aig|high_sop|po_medium,tiny,224,5,0.284901,10.55859375,,,not_run,crash,224,5,fallback_current_final,true,opt_crash_or_missing_output,false,,,,0.083853,0.000000,0.000000,0.083853,10.031,0.294323,0.950055,0,,results\pipeline_search2\smoke\lut_if6_mfs3\tc_public_9\selected.blif,results\pipeline_search2\smoke\lut_if6_mfs3\tc_public_9\raw.candidate.blif,results\pipeline_search2\smoke\lut_if6_mfs3\tc_public_9\logs,85270c52a728082d23266d10e32fc37ac08cb80aa369f29e16657770a94c56ce
smoke,SMOKE_ONLY_FILTER_NOT_FINAL_CONCLUSION,lut_mfs_roundtrip_family,lut_if6_mfs3,94bdb359d9bf,pipeline,false,true,strash; if -K 6; mfs3; strash; balance; rewrite -z; refactor -z; dc2; balance,strash; if -K 6; mfs3; strash; balance; rewrite -z; refactor -z; dc2; balance,default,tiny|small|medium|large,tc_public_7,7,small high-fanin SOP bucket,small|non_aig|high_sop|po_medium,small,252,3,0.270967,10.65234375,,,not_run,crash,252,3,fallback_current_final,true,opt_crash_or_missing_output,false,,,,0.082412,0.000000,0.000000,0.082412,10.055,0.304141,0.943894,0,,results\pipeline_search2\smoke\lut_if6_mfs3\tc_public_7\selected.blif,results\pipeline_search2\smoke\lut_if6_mfs3\tc_public_7\raw.candidate.blif,results\pipeline_search2\smoke\lut_if6_mfs3\tc_public_7\logs,d57666c78cc34884494b91c907679ded7fb81516936a659fd2c6c849d2620167
smoke,SMOKE_ONLY_FILTER_NOT_FINAL_CONCLUSION,lut_mfs_roundtrip_family,lut_if6_mfs3,94bdb359d9bf,pipeline,false,true,strash; if -K 6; mfs3; strash; balance; rewrite -z; refactor -z; dc2; balance,strash; if -K 6; mfs3; strash; balance; rewrite -z; refactor -z; dc2; balance,default,tiny|small|medium|large,tc_public_15,8,small near-two-input AIG bucket,small|near_aig|not_sop|po_medium,small,927,11,0.323562,10.890625,,,not_run,crash,927,11,fallback_current_final,true,opt_crash_or_missing_output,false,,,,0.060266,0.000000,0.000000,0.060266,1.914,0.186258,0.175753,0,,results\pipeline_search2\smoke\lut_if6_mfs3\tc_public_15\selected.blif,results\pipeline_search2\smoke\lut_if6_mfs3\tc_public_15\raw.candidate.blif,results\pipeline_search2\smoke\lut_if6_mfs3\tc_public_15\logs,7b5e8700d86eafcd94822b83d8d7bba29975d4cb4fc8a91a7dc11ca468f5b823
smoke,SMOKE_ONLY_FILTER_NOT_FINAL_CONCLUSION,lut_mfs_roundtrip_family,lut_if6_mfs3,94bdb359d9bf,pipeline,false,true,strash; if -K 6; mfs3; strash; balance; rewrite -z; refactor -z; dc2; balance,strash; if -K 6; mfs3; strash; balance; rewrite -z; refactor -z; dc2; balance,default,tiny|small|medium|large,tc_public_28,9,zero-gain guard bucket,small|near_aig|not_sop|po_small,small,520,7,0.260640,10.2890625,,,not_run,crash,520,7,fallback_current_final,true,opt_crash_or_missing_output,false,,,,0.059845,0.000000,0.000000,0.059845,1.906,0.229607,0.185270,0,,results\pipeline_search2\smoke\lut_if6_mfs3\tc_public_28\selected.blif,results\pipeline_search2\smoke\lut_if6_mfs3\tc_public_28\raw.candidate.blif,results\pipeline_search2\smoke\lut_if6_mfs3\tc_public_28\logs,2c666186f1adff40a447bbeec16a3cf2dccc420eb7bb79d864098c818b17279c
smoke,SMOKE_ONLY_FILTER_NOT_FINAL_CONCLUSION,lut_mfs_roundtrip_family,lut_if6_mfs3,94bdb359d9bf,pipeline,false,true,strash; if -K 6; mfs3; strash; balance; rewrite -z; refactor -z; dc2; balance,strash; if -K 6; mfs3; strash; balance; rewrite -z; refactor -z; dc2; balance,default,tiny|small|medium|large,tc_public_16,10,tiny non-SOP non-AIG guard bucket,tiny|non_aig|not_sop|po_tiny,tiny,45,6,0.251822,9.9296875,,,not_run,crash,45,6,fallback_current_final,true,opt_crash_or_missing_output,false,,,,0.060000,0.000000,0.000000,0.060000,1.910,0.238264,0.192368,0,,results\pipeline_search2\smoke\lut_if6_mfs3\tc_public_16\selected.blif,results\pipeline_search2\smoke\lut_if6_mfs3\tc_public_16\raw.candidate.blif,results\pipeline_search2\smoke\lut_if6_mfs3\tc_public_16\logs,a722ddbcb930c79faecbace2b6357d50502c4f592de33539681b9bff9065e688
smoke,SMOKE_ONLY_FILTER_NOT_FINAL_CONCLUSION,choice_perturb_family,choice_dch_clean,ffb5cdfc2d51,pipeline,false,true,strash; dch; balance; rewrite -z; refactor -z; dc2; balance,strash; dch; balance; rewrite -z; refactor -z; dc2; balance,default,tiny|small|medium|large,tc_public_30,1,largest node gain vs baseline,large|near_aig|not_sop|po_small,large,6613,21,2.162263,31.3046875,6717,20,passed,ok,6717,20,selected_raw,false,,false,,104,-1,3.512442,1.116623,0.063234,4.692299,29.883,2.170087,0.954579,0,0,results\pipeline_search2\smoke\choice_dch_clean\tc_public_30\selected.blif,results\pipeline_search2\smoke\choice_dch_clean\tc_public_30\raw.candidate.blif,results\pipeline_search2\smoke\choice_dch_clean\tc_public_30\logs,b4d640d059cff312a05e86f5ba702486b1d271c56fff709a3d5bec0929e5f1db
smoke,SMOKE_ONLY_FILTER_NOT_FINAL_CONCLUSION,choice_perturb_family,choice_dch_clean,ffb5cdfc2d51,pipeline,false,true,strash; dch; balance; rewrite -z; refactor -z; dc2; balance,strash; dch; balance; rewrite -z; refactor -z; dc2; balance,default,tiny|small|medium|large,tc_public_14,2,max-level pressure case; large near-two-input AIG with medium output bin,large|near_aig|not_sop|po_medium,large,3703,25,0.586281,19.07421875,2573,21,passed,metric_regression,3703,25,fallback_current_final,true,metric_regression: runtime_ratio:2.884,true,runtime_ratio:2.884,-1130,-4,1.475335,0.145449,0.069823,1.690607,18.664,2.883611,0.978497,0,0,results\pipeline_search2\smoke\choice_dch_clean\tc_public_14\selected.blif,results\pipeline_search2\smoke\choice_dch_clean\tc_public_14\raw.candidate.blif,results\pipeline_search2\smoke\choice_dch_clean\tc_public_14\logs,717398391200cd37a5325eb22cac1e8c91f21079652b0e20fa825b9640c15ad4
smoke,SMOKE_ONLY_FILTER_NOT_FINAL_CONCLUSION,choice_perturb_family,choice_dch_clean,ffb5cdfc2d51,pipeline,false,true,strash; dch; balance; rewrite -z; refactor -z; dc2; balance,strash; dch; balance; rewrite -z; refactor -z; dc2; balance,default,tiny|small|medium|large,tc_public_22,3,large near-two-input AIG with small output bin,large|near_aig|not_sop|po_small,large,11067,20,3.665116,30.44140625,10761,20,passed,ok,10761,20,selected_raw,false,,false,,-306,0,5.197106,1.368522,0.083152,6.648780,30.520,1.814071,1.002566,0,0,results\pipeline_search2\smoke\choice_dch_clean\tc_public_22\selected.blif,results\pipeline_search2\smoke\choice_dch_clean\tc_public_22\raw.candidate.blif,results\pipeline_search2\smoke\choice_dch_clean\tc_public_22\logs,23e9841913a3d3037afabdf856278db7a442e82bc878b1b503a8507951e81d26
smoke,SMOKE_ONLY_FILTER_NOT_FINAL_CONCLUSION,choice_perturb_family,choice_dch_clean,ffb5cdfc2d51,pipeline,false,true,strash; dch; balance; rewrite -z; refactor -z; dc2; balance,strash; dch; balance; rewrite -z; refactor -z; dc2; balance,default,tiny|small|medium|large,tc_public_12,4,medium non-AIG selector rewrite bucket,medium|non_aig|not_sop|po_large,medium,1385,13,0.346738,13.5625,1381,13,passed,ok,1381,13,selected_raw,false,,false,,-4,0,0.157220,0.083801,0.061589,0.302610,14.711,0.872735,1.084677,0,0,results\pipeline_search2\smoke\choice_dch_clean\tc_public_12\selected.blif,results\pipeline_search2\smoke\choice_dch_clean\tc_public_12\raw.candidate.blif,results\pipeline_search2\smoke\choice_dch_clean\tc_public_12\logs,ce5aa2eabe47007d6af2ee935ca0dc4d0cd06ebf732961a53f31bc8b7e655715
smoke,SMOKE_ONLY_FILTER_NOT_FINAL_CONCLUSION,choice_perturb_family,choice_dch_clean,ffb5cdfc2d51,pipeline,false,true,strash; dch; balance; rewrite -z; refactor -z; dc2; balance,strash; dch; balance; rewrite -z; refactor -z; dc2; balance,default,tiny|small|medium|large,tc_public_23,5,medium near-two-input AIG bucket,medium|near_aig|not_sop|po_tiny,medium,1530,16,0.312543,12.61328125,1530,16,passed,ok,1530,16,selected_raw,false,,false,,0,0,0.172811,0.083804,0.060764,0.317379,13.574,1.015473,1.076185,0,0,results\pipeline_search2\smoke\choice_dch_clean\tc_public_23\selected.blif,results\pipeline_search2\smoke\choice_dch_clean\tc_public_23\raw.candidate.blif,results\pipeline_search2\smoke\choice_dch_clean\tc_public_23\logs,0ebb8517aa7357d0e29cb88293ffbef5cd69e32f7917fb1df56e2fc7c88068aa
smoke,SMOKE_ONLY_FILTER_NOT_FINAL_CONCLUSION,choice_perturb_family,choice_dch_clean,ffb5cdfc2d51,pipeline,false,true,strash; dch; balance; rewrite -z; refactor -z; dc2; balance,strash; dch; balance; rewrite -z; refactor -z; dc2; balance,default,tiny|small|medium|large,tc_public_9,6,tiny high-fanin SOP bucket,tiny|non_aig|high_sop|po_medium,tiny,224,5,0.284901,10.55859375,224,5,passed,ok,224,5,selected_raw,false,,false,,0,0,0.100939,0.080092,0.062885,0.243916,10.488,0.856142,0.993341,0,0,results\pipeline_search2\smoke\choice_dch_clean\tc_public_9\selected.blif,results\pipeline_search2\smoke\choice_dch_clean\tc_public_9\raw.candidate.blif,results\pipeline_search2\smoke\choice_dch_clean\tc_public_9\logs,680cf28ff0a2ef09ebadd1a6e23f2b3b78764e8d5c755fde83d23966b9d236f5
smoke,SMOKE_ONLY_FILTER_NOT_FINAL_CONCLUSION,choice_perturb_family,choice_dch_clean,ffb5cdfc2d51,pipeline,false,true,strash; dch; balance; rewrite -z; refactor -z; dc2; balance,strash; dch; balance; rewrite -z; refactor -z; dc2; balance,default,tiny|small|medium|large,tc_public_7,7,small high-fanin SOP bucket,small|non_aig|high_sop|po_medium,small,252,3,0.270967,10.65234375,252,3,passed,ok,252,3,selected_raw,false,,false,,0,0,0.099323,0.084854,0.088589,0.272766,10.672,1.006641,1.001834,0,0,results\pipeline_search2\smoke\choice_dch_clean\tc_public_7\selected.blif,results\pipeline_search2\smoke\choice_dch_clean\tc_public_7\raw.candidate.blif,results\pipeline_search2\smoke\choice_dch_clean\tc_public_7\logs,eb2a55d18d2c42e3464d4007cc15a1ac7e41e612bab4d8e50f143a712d92dd54
smoke,SMOKE_ONLY_FILTER_NOT_FINAL_CONCLUSION,choice_perturb_family,choice_dch_clean,ffb5cdfc2d51,pipeline,false,true,strash; dch; balance; rewrite -z; refactor -z; dc2; balance,strash; dch; balance; rewrite -z; refactor -z; dc2; balance,default,tiny|small|medium|large,tc_public_15,8,small near-two-input AIG bucket,small|near_aig|not_sop|po_medium,small,927,11,0.323562,10.890625,924,10,passed,ok,924,10,selected_raw,false,,false,,-3,-1,0.151168,0.107853,0.062957,0.321978,11.691,0.995104,1.073529,0,0,results\pipeline_search2\smoke\choice_dch_clean\tc_public_15\selected.blif,results\pipeline_search2\smoke\choice_dch_clean\tc_public_15\raw.candidate.blif,results\pipeline_search2\smoke\choice_dch_clean\tc_public_15\logs,64529ddc449d125245c8810dddafd434b180619c744734211bb5dd941e179f65
smoke,SMOKE_ONLY_FILTER_NOT_FINAL_CONCLUSION,choice_perturb_family,choice_dch_clean,ffb5cdfc2d51,pipeline,false,true,strash; dch; balance; rewrite -z; refactor -z; dc2; balance,strash; dch; balance; rewrite -z; refactor -z; dc2; balance,default,tiny|small|medium|large,tc_public_28,9,zero-gain guard bucket,small|near_aig|not_sop|po_small,small,520,7,0.260640,10.2890625,520,7,passed,ok,520,7,selected_raw,false,,false,,0,0,0.122199,0.082203,0.062929,0.267331,11.082,1.025669,1.077069,0,0,results\pipeline_search2\smoke\choice_dch_clean\tc_public_28\selected.blif,results\pipeline_search2\smoke\choice_dch_clean\tc_public_28\raw.candidate.blif,results\pipeline_search2\smoke\choice_dch_clean\tc_public_28\logs,160a086b92c719ee1e4d412b806fc38fb61e4ca06c93703825ed8931b9a59caa
smoke,SMOKE_ONLY_FILTER_NOT_FINAL_CONCLUSION,choice_perturb_family,choice_dch_clean,ffb5cdfc2d51,pipeline,false,true,strash; dch; balance; rewrite -z; refactor -z; dc2; balance,strash; dch; balance; rewrite -z; refactor -z; dc2; balance,default,tiny|small|medium|large,tc_public_16,10,tiny non-SOP non-AIG guard bucket,tiny|non_aig|not_sop|po_tiny,tiny,45,6,0.251822,9.9296875,45,6,passed,ok,45,6,selected_raw,false,,false,,0,0,0.098578,0.062797,0.061388,0.222763,9.031,0.884607,0.909520,0,0,results\pipeline_search2\smoke\choice_dch_clean\tc_public_16\selected.blif,results\pipeline_search2\smoke\choice_dch_clean\tc_public_16\raw.candidate.blif,results\pipeline_search2\smoke\choice_dch_clean\tc_public_16\logs,0a7cd7eff6008ea96e0097e3fcee41648b5fd73db9d4ef6dac73ec76a5b5dbe1
smoke,SMOKE_ONLY_FILTER_NOT_FINAL_CONCLUSION,choice_perturb_family,choice_fraig_clean,555efd23e8a5,pipeline,false,true,strash; fraig; balance; rewrite -z; refactor -z; dc2; balance,strash; fraig; balance; rewrite -z; refactor -z; dc2; balance,default,tiny|small|medium|large,tc_public_30,1,largest node gain vs baseline,large|near_aig|not_sop|po_small,large,6613,21,2.162263,31.3046875,6613,21,passed,ok,6613,21,selected_raw,false,,false,,0,0,0.499101,1.466450,0.064520,2.030071,31.324,0.938864,1.000624,0,0,results\pipeline_search2\smoke\choice_fraig_clean\tc_public_30\selected.blif,results\pipeline_search2\smoke\choice_fraig_clean\tc_public_30\raw.candidate.blif,results\pipeline_search2\smoke\choice_fraig_clean\tc_public_30\logs,f2ffeeda983dc3fe5903c657e39b02a24e4578c400d859c9f93b79fbda506f47
smoke,SMOKE_ONLY_FILTER_NOT_FINAL_CONCLUSION,choice_perturb_family,choice_fraig_clean,555efd23e8a5,pipeline,false,true,strash; fraig; balance; rewrite -z; refactor -z; dc2; balance,strash; fraig; balance; rewrite -z; refactor -z; dc2; balance,default,tiny|small|medium|large,tc_public_14,2,max-level pressure case; large near-two-input AIG with medium output bin,large|near_aig|not_sop|po_medium,large,3703,25,0.586281,19.07421875,2204,17,passed,ok,2204,17,selected_raw,false,,false,,-1499,-8,0.356095,0.135275,0.059240,0.550610,20.957,0.939157,1.098710,0,0,results\pipeline_search2\smoke\choice_fraig_clean\tc_public_14\selected.blif,results\pipeline_search2\smoke\choice_fraig_clean\tc_public_14\raw.candidate.blif,results\pipeline_search2\smoke\choice_fraig_clean\tc_public_14\logs,8c09f586d6185f6bb776a0f58a8e1dd1cafc18300a211ec68916845e27b32762
smoke,SMOKE_ONLY_FILTER_NOT_FINAL_CONCLUSION,choice_perturb_family,choice_fraig_clean,555efd23e8a5,pipeline,false,true,strash; fraig; balance; rewrite -z; refactor -z; dc2; balance,strash; fraig; balance; rewrite -z; refactor -z; dc2; balance,default,tiny|small|medium|large,tc_public_22,3,large near-two-input AIG with small output bin,large|near_aig|not_sop|po_small,large,11067,20,3.665116,30.44140625,11067,20,passed,ok,11067,20,selected_raw,false,,false,,0,0,2.523699,0.983029,0.081547,3.588275,29.996,0.979034,0.985371,0,0,results\pipeline_search2\smoke\choice_fraig_clean\tc_public_22\selected.blif,results\pipeline_search2\smoke\choice_fraig_clean\tc_public_22\raw.candidate.blif,results\pipeline_search2\smoke\choice_fraig_clean\tc_public_22\logs,ba24b1862347790a8b422697668ae8510aa795caae6fffc35429c1355a18bac3
smoke,SMOKE_ONLY_FILTER_NOT_FINAL_CONCLUSION,choice_perturb_family,choice_fraig_clean,555efd23e8a5,pipeline,false,true,strash; fraig; balance; rewrite -z; refactor -z; dc2; balance,strash; fraig; balance; rewrite -z; refactor -z; dc2; balance,default,tiny|small|medium|large,tc_public_12,4,medium non-AIG selector rewrite bucket,medium|non_aig|not_sop|po_large,medium,1385,13,0.346738,13.5625,1387,14,passed,ok,1387,14,selected_raw,false,,false,,2,1,0.122139,0.082104,0.062744,0.266987,11.730,0.769997,0.864919,0,0,results\pipeline_search2\smoke\choice_fraig_clean\tc_public_12\selected.blif,results\pipeline_search2\smoke\choice_fraig_clean\tc_public_12\raw.candidate.blif,results\pipeline_search2\smoke\choice_fraig_clean\tc_public_12\logs,17c9726d612499cdc78a027646c0a58aaf70269f249bbe5e711e8ea1c0172efc
smoke,SMOKE_ONLY_FILTER_NOT_FINAL_CONCLUSION,choice_perturb_family,choice_fraig_clean,555efd23e8a5,pipeline,false,true,strash; fraig; balance; rewrite -z; refactor -z; dc2; balance,strash; fraig; balance; rewrite -z; refactor -z; dc2; balance,default,tiny|small|medium|large,tc_public_23,5,medium near-two-input AIG bucket,medium|near_aig|not_sop|po_tiny,medium,1530,16,0.312543,12.61328125,1530,16,passed,ok,1530,16,selected_raw,false,,false,,0,0,0.120749,0.082421,0.061949,0.265119,12.441,0.848264,0.986373,0,0,results\pipeline_search2\smoke\choice_fraig_clean\tc_public_23\selected.blif,results\pipeline_search2\smoke\choice_fraig_clean\tc_public_23\raw.candidate.blif,results\pipeline_search2\smoke\choice_fraig_clean\tc_public_23\logs,f9d84c9106cfa927ade4fe09a39fabee8cad96987a84e5ef69c55c1ff9542767
smoke,SMOKE_ONLY_FILTER_NOT_FINAL_CONCLUSION,choice_perturb_family,choice_fraig_clean,555efd23e8a5,pipeline,false,true,strash; fraig; balance; rewrite -z; refactor -z; dc2; balance,strash; fraig; balance; rewrite -z; refactor -z; dc2; balance,default,tiny|small|medium|large,tc_public_9,6,tiny high-fanin SOP bucket,tiny|non_aig|high_sop|po_medium,tiny,224,5,0.284901,10.55859375,224,5,passed,ok,224,5,selected_raw,false,,false,,0,0,0.081606,0.082999,0.061841,0.226446,10.488,0.794823,0.993341,0,0,results\pipeline_search2\smoke\choice_fraig_clean\tc_public_9\selected.blif,results\pipeline_search2\smoke\choice_fraig_clean\tc_public_9\raw.candidate.blif,results\pipeline_search2\smoke\choice_fraig_clean\tc_public_9\logs,d9541a4be0f32c42fe5f2be874f92e66e03238471ab25044978794dc2de1d271
smoke,SMOKE_ONLY_FILTER_NOT_FINAL_CONCLUSION,choice_perturb_family,choice_fraig_clean,555efd23e8a5,pipeline,false,true,strash; fraig; balance; rewrite -z; refactor -z; dc2; balance,strash; fraig; balance; rewrite -z; refactor -z; dc2; balance,default,tiny|small|medium|large,tc_public_7,7,small high-fanin SOP bucket,small|non_aig|high_sop|po_medium,small,252,3,0.270967,10.65234375,252,3,passed,ok,252,3,selected_raw,false,,false,,0,0,0.083958,0.082662,0.046715,0.213335,10.676,0.787311,1.002200,0,0,results\pipeline_search2\smoke\choice_fraig_clean\tc_public_7\selected.blif,results\pipeline_search2\smoke\choice_fraig_clean\tc_public_7\raw.candidate.blif,results\pipeline_search2\smoke\choice_fraig_clean\tc_public_7\logs,7d5f803399e6b9754733497f70f7c27e454c0c54de652a0a41d91b623b427671
smoke,SMOKE_ONLY_FILTER_NOT_FINAL_CONCLUSION,choice_perturb_family,choice_fraig_clean,555efd23e8a5,pipeline,false,true,strash; fraig; balance; rewrite -z; refactor -z; dc2; balance,strash; fraig; balance; rewrite -z; refactor -z; dc2; balance,default,tiny|small|medium|large,tc_public_15,8,small near-two-input AIG bucket,small|near_aig|not_sop|po_medium,small,927,11,0.323562,10.890625,927,11,passed,ok,927,11,selected_raw,false,,false,,0,0,0.119724,0.100313,0.062261,0.282298,12.320,0.872469,1.131277,0,0,results\pipeline_search2\smoke\choice_fraig_clean\tc_public_15\selected.blif,results\pipeline_search2\smoke\choice_fraig_clean\tc_public_15\raw.candidate.blif,results\pipeline_search2\smoke\choice_fraig_clean\tc_public_15\logs,166a68f0653ee3d3c643a7dc0cc75db3009773310046b78aa65b50178019f022
smoke,SMOKE_ONLY_FILTER_NOT_FINAL_CONCLUSION,choice_perturb_family,choice_fraig_clean,555efd23e8a5,pipeline,false,true,strash; fraig; balance; rewrite -z; refactor -z; dc2; balance,strash; fraig; balance; rewrite -z; refactor -z; dc2; balance,default,tiny|small|medium|large,tc_public_28,9,zero-gain guard bucket,small|near_aig|not_sop|po_small,small,520,7,0.260640,10.2890625,524,8,passed,ok,524,8,selected_raw,false,,false,,4,1,0.100005,0.082051,0.064594,0.246650,10.547,0.946323,1.025057,0,0,results\pipeline_search2\smoke\choice_fraig_clean\tc_public_28\selected.blif,results\pipeline_search2\smoke\choice_fraig_clean\tc_public_28\raw.candidate.blif,results\pipeline_search2\smoke\choice_fraig_clean\tc_public_28\logs,820a296809f45c9507a99c9cd2d037528ecf28c0f44c4c09e3df6f7c1e9b5483
smoke,SMOKE_ONLY_FILTER_NOT_FINAL_CONCLUSION,choice_perturb_family,choice_fraig_clean,555efd23e8a5,pipeline,false,true,strash; fraig; balance; rewrite -z; refactor -z; dc2; balance,strash; fraig; balance; rewrite -z; refactor -z; dc2; balance,default,tiny|small|medium|large,tc_public_16,10,tiny non-SOP non-AIG guard bucket,tiny|non_aig|not_sop|po_tiny,tiny,45,6,0.251822,9.9296875,45,6,passed,ok,45,6,selected_raw,false,,false,,0,0,0.084041,0.062154,0.061751,0.207946,9.137,0.825767,0.920142,0,0,results\pipeline_search2\smoke\choice_fraig_clean\tc_public_16\selected.blif,results\pipeline_search2\smoke\choice_fraig_clean\tc_public_16\raw.candidate.blif,results\pipeline_search2\smoke\choice_fraig_clean\tc_public_16\logs,aad0f1b68c7a11acc8d0799d44734c1edb1f66dec26d70f0624fccb959d7819e
smoke,SMOKE_ONLY_FILTER_NOT_FINAL_CONCLUSION,choice_perturb_family,choice_ifraig_clean,eb815595a495,pipeline,false,true,strash; ifraig; balance; rewrite -z; refactor -z; dc2; balance,strash; ifraig; balance; rewrite -z; refactor -z; dc2; balance,default,tiny|small|medium|large,tc_public_30,1,largest node gain vs baseline,large|near_aig|not_sop|po_small,large,6613,21,2.162263,31.3046875,6613,21,passed,ok,6613,21,selected_raw,false,,false,,0,0,0.434531,1.405066,0.063160,1.902757,31.258,0.879984,0.998503,0,0,results\pipeline_search2\smoke\choice_ifraig_clean\tc_public_30\selected.blif,results\pipeline_search2\smoke\choice_ifraig_clean\tc_public_30\raw.candidate.blif,results\pipeline_search2\smoke\choice_ifraig_clean\tc_public_30\logs,55901cc33df8e469acb89fa40d1008c4ba27f99f01d58e65756c3231b7cfa042
smoke,SMOKE_ONLY_FILTER_NOT_FINAL_CONCLUSION,choice_perturb_family,choice_ifraig_clean,eb815595a495,pipeline,false,true,strash; ifraig; balance; rewrite -z; refactor -z; dc2; balance,strash; ifraig; balance; rewrite -z; refactor -z; dc2; balance,default,tiny|small|medium|large,tc_public_14,2,max-level pressure case; large near-two-input AIG with medium output bin,large|near_aig|not_sop|po_medium,large,3703,25,0.586281,19.07421875,2204,17,passed,ok,2204,17,selected_raw,false,,false,,-1499,-8,0.383219,0.139142,0.062039,0.584400,18.254,0.996791,0.956994,0,0,results\pipeline_search2\smoke\choice_ifraig_clean\tc_public_14\selected.blif,results\pipeline_search2\smoke\choice_ifraig_clean\tc_public_14\raw.candidate.blif,results\pipeline_search2\smoke\choice_ifraig_clean\tc_public_14\logs,c1e547a5a0138401a47d48cfeaa77e4ded90d232cd57fa77a113a408095a203a
smoke,SMOKE_ONLY_FILTER_NOT_FINAL_CONCLUSION,choice_perturb_family,choice_ifraig_clean,eb815595a495,pipeline,false,true,strash; ifraig; balance; rewrite -z; refactor -z; dc2; balance,strash; ifraig; balance; rewrite -z; refactor -z; dc2; balance,default,tiny|small|medium|large,tc_public_22,3,large near-two-input AIG with small output bin,large|near_aig|not_sop|po_small,large,11067,20,3.665116,30.44140625,11067,20,passed,ok,11067,20,selected_raw,false,,false,,0,0,2.479005,0.928589,0.083820,3.491414,30.277,0.952607,0.994611,0,0,results\pipeline_search2\smoke\choice_ifraig_clean\tc_public_22\selected.blif,results\pipeline_search2\smoke\choice_ifraig_clean\tc_public_22\raw.candidate.blif,results\pipeline_search2\smoke\choice_ifraig_clean\tc_public_22\logs,3c88db16fa94990b4793c34bf25344ba862fd7b863960cc890ed661205df583b
smoke,SMOKE_ONLY_FILTER_NOT_FINAL_CONCLUSION,choice_perturb_family,choice_ifraig_clean,eb815595a495,pipeline,false,true,strash; ifraig; balance; rewrite -z; refactor -z; dc2; balance,strash; ifraig; balance; rewrite -z; refactor -z; dc2; balance,default,tiny|small|medium|large,tc_public_12,4,medium non-AIG selector rewrite bucket,medium|non_aig|not_sop|po_large,medium,1385,13,0.346738,13.5625,1387,14,passed,ok,1387,14,selected_raw,false,,false,,2,1,0.123308,0.084269,0.062077,0.269654,12.656,0.777689,0.933180,0,0,results\pipeline_search2\smoke\choice_ifraig_clean\tc_public_12\selected.blif,results\pipeline_search2\smoke\choice_ifraig_clean\tc_public_12\raw.candidate.blif,results\pipeline_search2\smoke\choice_ifraig_clean\tc_public_12\logs,aafaeb29fe8f4999bae5ddaa9728f81cbe5134f8ca09a666db446b3403e596fc
smoke,SMOKE_ONLY_FILTER_NOT_FINAL_CONCLUSION,choice_perturb_family,choice_ifraig_clean,eb815595a495,pipeline,false,true,strash; ifraig; balance; rewrite -z; refactor -z; dc2; balance,strash; ifraig; balance; rewrite -z; refactor -z; dc2; balance,default,tiny|small|medium|large,tc_public_23,5,medium near-two-input AIG bucket,medium|near_aig|not_sop|po_tiny,medium,1530,16,0.312543,12.61328125,1530,16,passed,ok,1530,16,selected_raw,false,,false,,0,0,0.135761,0.087737,0.060511,0.284009,12.582,0.908703,0.997522,0,0,results\pipeline_search2\smoke\choice_ifraig_clean\tc_public_23\selected.blif,results\pipeline_search2\smoke\choice_ifraig_clean\tc_public_23\raw.candidate.blif,results\pipeline_search2\smoke\choice_ifraig_clean\tc_public_23\logs,e0eff8f9985e50ba9a8e83b2e67636da371c28b767518ec9efe668f5ee7c26c0
smoke,SMOKE_ONLY_FILTER_NOT_FINAL_CONCLUSION,choice_perturb_family,choice_ifraig_clean,eb815595a495,pipeline,false,true,strash; ifraig; balance; rewrite -z; refactor -z; dc2; balance,strash; ifraig; balance; rewrite -z; refactor -z; dc2; balance,default,tiny|small|medium|large,tc_public_9,6,tiny high-fanin SOP bucket,tiny|non_aig|high_sop|po_medium,tiny,224,5,0.284901,10.55859375,224,5,passed,ok,224,5,selected_raw,false,,false,,0,0,0.098384,0.082530,0.063049,0.243963,10.551,0.856307,0.999260,0,0,results\pipeline_search2\smoke\choice_ifraig_clean\tc_public_9\selected.blif,results\pipeline_search2\smoke\choice_ifraig_clean\tc_public_9\raw.candidate.blif,results\pipeline_search2\smoke\choice_ifraig_clean\tc_public_9\logs,fbf73d8fabead683bb1a99302193797fd488c7f233e60436da623cb49c00f82d
smoke,SMOKE_ONLY_FILTER_NOT_FINAL_CONCLUSION,choice_perturb_family,choice_ifraig_clean,eb815595a495,pipeline,false,true,strash; ifraig; balance; rewrite -z; refactor -z; dc2; balance,strash; ifraig; balance; rewrite -z; refactor -z; dc2; balance,default,tiny|small|medium|large,tc_public_7,7,small high-fanin SOP bucket,small|non_aig|high_sop|po_medium,small,252,3,0.270967,10.65234375,252,3,passed,ok,252,3,selected_raw,false,,false,,0,0,0.084129,0.083264,0.049046,0.216439,10.672,0.798766,1.001834,0,0,results\pipeline_search2\smoke\choice_ifraig_clean\tc_public_7\selected.blif,results\pipeline_search2\smoke\choice_ifraig_clean\tc_public_7\raw.candidate.blif,results\pipeline_search2\smoke\choice_ifraig_clean\tc_public_7\logs,761de6b0d0ffc207cfd6ab2075e8ef48d6974a9196d7c0b9415a1048ded462d4
smoke,SMOKE_ONLY_FILTER_NOT_FINAL_CONCLUSION,choice_perturb_family,choice_ifraig_clean,eb815595a495,pipeline,false,true,strash; ifraig; balance; rewrite -z; refactor -z; dc2; balance,strash; ifraig; balance; rewrite -z; refactor -z; dc2; balance,default,tiny|small|medium|large,tc_public_15,8,small near-two-input AIG bucket,small|near_aig|not_sop|po_medium,small,927,11,0.323562,10.890625,927,11,passed,ok,927,11,selected_raw,false,,false,,0,0,0.098519,0.101582,0.062116,0.262217,11.645,0.810407,1.069225,0,0,results\pipeline_search2\smoke\choice_ifraig_clean\tc_public_15\selected.blif,results\pipeline_search2\smoke\choice_ifraig_clean\tc_public_15\raw.candidate.blif,results\pipeline_search2\smoke\choice_ifraig_clean\tc_public_15\logs,32091ccbadabd40f67886ce87d2b59b8fd0196106301249a216b412aa421558a
smoke,SMOKE_ONLY_FILTER_NOT_FINAL_CONCLUSION,choice_perturb_family,choice_ifraig_clean,eb815595a495,pipeline,false,true,strash; ifraig; balance; rewrite -z; refactor -z; dc2; balance,strash; ifraig; balance; rewrite -z; refactor -z; dc2; balance,default,tiny|small|medium|large,tc_public_28,9,zero-gain guard bucket,small|near_aig|not_sop|po_small,small,520,7,0.260640,10.2890625,524,8,passed,ok,524,8,selected_raw,false,,false,,4,1,0.099418,0.083916,0.067499,0.250833,10.152,0.962372,0.986712,0,0,results\pipeline_search2\smoke\choice_ifraig_clean\tc_public_28\selected.blif,results\pipeline_search2\smoke\choice_ifraig_clean\tc_public_28\raw.candidate.blif,results\pipeline_search2\smoke\choice_ifraig_clean\tc_public_28\logs,1e46a16d8a29ddda6e98f7119940785ac95529ddfcf17651453fa4858194ef28
smoke,SMOKE_ONLY_FILTER_NOT_FINAL_CONCLUSION,choice_perturb_family,choice_ifraig_clean,eb815595a495,pipeline,false,true,strash; ifraig; balance; rewrite -z; refactor -z; dc2; balance,strash; ifraig; balance; rewrite -z; refactor -z; dc2; balance,default,tiny|small|medium|large,tc_public_16,10,tiny non-SOP non-AIG guard bucket,tiny|non_aig|not_sop|po_tiny,tiny,45,6,0.251822,9.9296875,45,6,passed,ok,45,6,selected_raw,false,,false,,0,0,0.084567,0.065378,0.061770,0.211715,10.004,0.840734,1.007474,0,0,results\pipeline_search2\smoke\choice_ifraig_clean\tc_public_16\selected.blif,results\pipeline_search2\smoke\choice_ifraig_clean\tc_public_16\raw.candidate.blif,results\pipeline_search2\smoke\choice_ifraig_clean\tc_public_16\logs,8e36a73b8a41b4159a5766cbe403d9190bef5d635239e8351226321d2c37c340
smoke,SMOKE_ONLY_FILTER_NOT_FINAL_CONCLUSION,choice_perturb_family,choice_fraig_ifraig_recover,a44a39d04dcc,pipeline,false,true,strash; fraig; ifraig; dc2; balance; rewrite -z; refactor -z; balance,strash; fraig; ifraig; dc2; balance; rewrite -z; refactor -z; balance,default,tiny|small|medium|large,tc_public_30,1,largest node gain vs baseline,large|near_aig|not_sop|po_small,large,6613,21,2.162263,31.3046875,7347,21,passed,metric_regression,6613,21,fallback_current_final,true,metric_regression: nodes_worse:734,true,nodes_worse:734,734,0,0.600455,1.339657,0.062888,2.003000,30.977,0.926344,0.989518,0,0,results\pipeline_search2\smoke\choice_fraig_ifraig_recover\tc_public_30\selected.blif,results\pipeline_search2\smoke\choice_fraig_ifraig_recover\tc_public_30\raw.candidate.blif,results\pipeline_search2\smoke\choice_fraig_ifraig_recover\tc_public_30\logs,793d1ee8f4e6059dfda6cbd9a089b3a263160878d68f0c0ecffd3fb4928bc073
smoke,SMOKE_ONLY_FILTER_NOT_FINAL_CONCLUSION,choice_perturb_family,choice_fraig_ifraig_recover,a44a39d04dcc,pipeline,false,true,strash; fraig; ifraig; dc2; balance; rewrite -z; refactor -z; balance,strash; fraig; ifraig; dc2; balance; rewrite -z; refactor -z; balance,default,tiny|small|medium|large,tc_public_14,2,max-level pressure case; large near-two-input AIG with medium output bin,large|near_aig|not_sop|po_medium,large,3703,25,0.586281,19.07421875,2271,17,passed,ok,2271,17,selected_raw,false,,false,,-1432,-8,0.386541,0.139922,0.061763,0.588226,21.539,1.003317,1.129224,0,0,results\pipeline_search2\smoke\choice_fraig_ifraig_recover\tc_public_14\selected.blif,results\pipeline_search2\smoke\choice_fraig_ifraig_recover\tc_public_14\raw.candidate.blif,results\pipeline_search2\smoke\choice_fraig_ifraig_recover\tc_public_14\logs,a2d2626db9b49dcf562d44ffe3ac3b70b84b800962dc7515b0929e8718a434a3
smoke,SMOKE_ONLY_FILTER_NOT_FINAL_CONCLUSION,choice_perturb_family,choice_fraig_ifraig_recover,a44a39d04dcc,pipeline,false,true,strash; fraig; ifraig; dc2; balance; rewrite -z; refactor -z; balance,strash; fraig; ifraig; dc2; balance; rewrite -z; refactor -z; balance,default,tiny|small|medium|large,tc_public_22,3,large near-two-input AIG with small output bin,large|near_aig|not_sop|po_small,large,11067,20,3.665116,30.44140625,10836,20,passed,ok,10836,20,selected_raw,false,,false,,-231,0,2.143516,0.923065,0.085557,3.152138,30.305,0.860038,0.995509,0,0,results\pipeline_search2\smoke\choice_fraig_ifraig_recover\tc_public_22\selected.blif,results\pipeline_search2\smoke\choice_fraig_ifraig_recover\tc_public_22\raw.candidate.blif,results\pipeline_search2\smoke\choice_fraig_ifraig_recover\tc_public_22\logs,5c7794fb69d32e8a2cd53add49c0d59390bb56d1723d4a2cb7575dcabc7ea518
smoke,SMOKE_ONLY_FILTER_NOT_FINAL_CONCLUSION,choice_perturb_family,choice_fraig_ifraig_recover,a44a39d04dcc,pipeline,false,true,strash; fraig; ifraig; dc2; balance; rewrite -z; refactor -z; balance,strash; fraig; ifraig; dc2; balance; rewrite -z; refactor -z; balance,default,tiny|small|medium|large,tc_public_12,4,medium non-AIG selector rewrite bucket,medium|non_aig|not_sop|po_large,medium,1385,13,0.346738,13.5625,1370,14,passed,ok,1370,14,selected_raw,false,,false,,-15,1,0.144398,0.082983,0.078769,0.306150,11.926,0.882945,0.879320,0,0,results\pipeline_search2\smoke\choice_fraig_ifraig_recover\tc_public_12\selected.blif,results\pipeline_search2\smoke\choice_fraig_ifraig_recover\tc_public_12\raw.candidate.blif,results\pipeline_search2\smoke\choice_fraig_ifraig_recover\tc_public_12\logs,552d0d0994eeff2849cb97e5da2552c37632545998ef6675e01ae90441665a84
smoke,SMOKE_ONLY_FILTER_NOT_FINAL_CONCLUSION,choice_perturb_family,choice_fraig_ifraig_recover,a44a39d04dcc,pipeline,false,true,strash; fraig; ifraig; dc2; balance; rewrite -z; refactor -z; balance,strash; fraig; ifraig; dc2; balance; rewrite -z; refactor -z; balance,default,tiny|small|medium|large,tc_public_23,5,medium near-two-input AIG bucket,medium|near_aig|not_sop|po_tiny,medium,1530,16,0.312543,12.61328125,1530,16,passed,ok,1530,16,selected_raw,false,,false,,0,0,0.119760,0.083833,0.061200,0.264793,12.441,0.847221,0.986373,0,0,results\pipeline_search2\smoke\choice_fraig_ifraig_recover\tc_public_23\selected.blif,results\pipeline_search2\smoke\choice_fraig_ifraig_recover\tc_public_23\raw.candidate.blif,results\pipeline_search2\smoke\choice_fraig_ifraig_recover\tc_public_23\logs,3731708f844267c8e6b8ff7441df2eba73ccb37cf46b3771500331844dc1b3e6
smoke,SMOKE_ONLY_FILTER_NOT_FINAL_CONCLUSION,choice_perturb_family,choice_fraig_ifraig_recover,a44a39d04dcc,pipeline,false,true,strash; fraig; ifraig; dc2; balance; rewrite -z; refactor -z; balance,strash; fraig; ifraig; dc2; balance; rewrite -z; refactor -z; balance,default,tiny|small|medium|large,tc_public_9,6,tiny high-fanin SOP bucket,tiny|non_aig|high_sop|po_medium,tiny,224,5,0.284901,10.55859375,224,5,passed,ok,224,5,selected_raw,false,,false,,0,0,0.084084,0.083986,0.062289,0.230359,10.562,0.808557,1.000370,0,0,results\pipeline_search2\smoke\choice_fraig_ifraig_recover\tc_public_9\selected.blif,results\pipeline_search2\smoke\choice_fraig_ifraig_recover\tc_public_9\raw.candidate.blif,results\pipeline_search2\smoke\choice_fraig_ifraig_recover\tc_public_9\logs,e3b119472dd4daca3e40ee872d93d7673612b60b7f16ca3a9f1520714e16f2b9
smoke,SMOKE_ONLY_FILTER_NOT_FINAL_CONCLUSION,choice_perturb_family,choice_fraig_ifraig_recover,a44a39d04dcc,pipeline,false,true,strash; fraig; ifraig; dc2; balance; rewrite -z; refactor -z; balance,strash; fraig; ifraig; dc2; balance; rewrite -z; refactor -z; balance,default,tiny|small|medium|large,tc_public_7,7,small high-fanin SOP bucket,small|non_aig|high_sop|po_medium,small,252,3,0.270967,10.65234375,252,3,passed,ok,252,3,selected_raw,false,,false,,0,0,0.099666,0.082375,0.063314,0.245355,10.316,0.905481,0.968464,0,0,results\pipeline_search2\smoke\choice_fraig_ifraig_recover\tc_public_7\selected.blif,results\pipeline_search2\smoke\choice_fraig_ifraig_recover\tc_public_7\raw.candidate.blif,results\pipeline_search2\smoke\choice_fraig_ifraig_recover\tc_public_7\logs,91ee86cee516faab009ffe02438f84c5daf03fa47f1acab4b7ed5838e5c735b5
smoke,SMOKE_ONLY_FILTER_NOT_FINAL_CONCLUSION,choice_perturb_family,choice_fraig_ifraig_recover,a44a39d04dcc,pipeline,false,true,strash; fraig; ifraig; dc2; balance; rewrite -z; refactor -z; balance,strash; fraig; ifraig; dc2; balance; rewrite -z; refactor -z; balance,default,tiny|small|medium|large,tc_public_15,8,small near-two-input AIG bucket,small|near_aig|not_sop|po_medium,small,927,11,0.323562,10.890625,926,11,passed,ok,926,11,selected_raw,false,,false,,-1,0,0.101963,0.082904,0.064183,0.249050,10.957,0.769713,1.006098,0,0,results\pipeline_search2\smoke\choice_fraig_ifraig_recover\tc_public_15\selected.blif,results\pipeline_search2\smoke\choice_fraig_ifraig_recover\tc_public_15\raw.candidate.blif,results\pipeline_search2\smoke\choice_fraig_ifraig_recover\tc_public_15\logs,73ab164e3907e8418aef559732cd1afff0f9d5751960007d04bfa852b228c7be
smoke,SMOKE_ONLY_FILTER_NOT_FINAL_CONCLUSION,choice_perturb_family,choice_fraig_ifraig_recover,a44a39d04dcc,pipeline,false,true,strash; fraig; ifraig; dc2; balance; rewrite -z; refactor -z; balance,strash; fraig; ifraig; dc2; balance; rewrite -z; refactor -z; balance,default,tiny|small|medium|large,tc_public_28,9,zero-gain guard bucket,small|near_aig|not_sop|po_small,small,520,7,0.260640,10.2890625,524,8,passed,ok,524,8,selected_raw,false,,false,,4,1,0.099707,0.085325,0.048330,0.233362,11.121,0.895341,1.080866,0,0,results\pipeline_search2\smoke\choice_fraig_ifraig_recover\tc_public_28\selected.blif,results\pipeline_search2\smoke\choice_fraig_ifraig_recover\tc_public_28\raw.candidate.blif,results\pipeline_search2\smoke\choice_fraig_ifraig_recover\tc_public_28\logs,36993766d81a9947d8f4617bf943d90f227dc2b0d0573ef03ec705283836a476
smoke,SMOKE_ONLY_FILTER_NOT_FINAL_CONCLUSION,choice_perturb_family,choice_fraig_ifraig_recover,a44a39d04dcc,pipeline,false,true,strash; fraig; ifraig; dc2; balance; rewrite -z; refactor -z; balance,strash; fraig; ifraig; dc2; balance; rewrite -z; refactor -z; balance,default,tiny|small|medium|large,tc_public_16,10,tiny non-SOP non-AIG guard bucket,tiny|non_aig|not_sop|po_tiny,tiny,45,6,0.251822,9.9296875,45,6,passed,ok,45,6,selected_raw,false,,false,,0,0,0.084110,0.067309,0.044793,0.196212,10.020,0.779171,1.009048,0,0,results\pipeline_search2\smoke\choice_fraig_ifraig_recover\tc_public_16\selected.blif,results\pipeline_search2\smoke\choice_fraig_ifraig_recover\tc_public_16\raw.candidate.blif,results\pipeline_search2\smoke\choice_fraig_ifraig_recover\tc_public_16\logs,adcc2fd005700e6b2b94185d1fa7ff4556780c6f7590c29e3d3e55a17ca20d7c
smoke,SMOKE_ONLY_FILTER_NOT_FINAL_CONCLUSION,high_effort_small_case_family,high_aig_three_round,6048dd34878c,pipeline,false,true,strash; balance; rewrite -z; refactor -z; balance; resub -z; rewrite -z; refactor -z; dc2; balance; rewrite -z; refactor -z; balance,strash; balance; rewrite -z; refactor -z; balance; resub -z; rewrite -z; refactor -z; dc2; balance; rewrite -z; refactor -z; balance,small_medium_high_effort,tiny|small|medium,tc_public_30,1,largest node gain vs baseline,large|near_aig|not_sop|po_small,large,6613,21,2.162263,31.3046875,,,not_run,skipped_case_scale,6613,21,fallback_current_final,true,case scale blocked by candidate timeout guard,false,,,,0.000000,0.000000,0.000000,0.000000,0.000,,,,,,,,2d13ad73401ea726bab76bc98dbe849bf965ed9137f87ed68f1935a9157cce23
smoke,SMOKE_ONLY_FILTER_NOT_FINAL_CONCLUSION,high_effort_small_case_family,high_aig_three_round,6048dd34878c,pipeline,false,true,strash; balance; rewrite -z; refactor -z; balance; resub -z; rewrite -z; refactor -z; dc2; balance; rewrite -z; refactor -z; balance,strash; balance; rewrite -z; refactor -z; balance; resub -z; rewrite -z; refactor -z; dc2; balance; rewrite -z; refactor -z; balance,small_medium_high_effort,tiny|small|medium,tc_public_14,2,max-level pressure case; large near-two-input AIG with medium output bin,large|near_aig|not_sop|po_medium,large,3703,25,0.586281,19.07421875,,,not_run,skipped_case_scale,3703,25,fallback_current_final,true,case scale blocked by candidate timeout guard,false,,,,0.000000,0.000000,0.000000,0.000000,0.000,,,,,,,,3317d9d0c2a9a530b76487a73cbf32b13c7de7568ca83a54d6c85e257c3b77ad
smoke,SMOKE_ONLY_FILTER_NOT_FINAL_CONCLUSION,high_effort_small_case_family,high_aig_three_round,6048dd34878c,pipeline,false,true,strash; balance; rewrite -z; refactor -z; balance; resub -z; rewrite -z; refactor -z; dc2; balance; rewrite -z; refactor -z; balance,strash; balance; rewrite -z; refactor -z; balance; resub -z; rewrite -z; refactor -z; dc2; balance; rewrite -z; refactor -z; balance,small_medium_high_effort,tiny|small|medium,tc_public_22,3,large near-two-input AIG with small output bin,large|near_aig|not_sop|po_small,large,11067,20,3.665116,30.44140625,,,not_run,skipped_case_scale,11067,20,fallback_current_final,true,case scale blocked by candidate timeout guard,false,,,,0.000000,0.000000,0.000000,0.000000,0.000,,,,,,,,50e9a25f944a5f7a3d2d4149ce134586aca2d9d76f682715879995e2e30bfccc
smoke,SMOKE_ONLY_FILTER_NOT_FINAL_CONCLUSION,high_effort_small_case_family,high_aig_three_round,6048dd34878c,pipeline,false,true,strash; balance; rewrite -z; refactor -z; balance; resub -z; rewrite -z; refactor -z; dc2; balance; rewrite -z; refactor -z; balance,strash; balance; rewrite -z; refactor -z; balance; resub -z; rewrite -z; refactor -z; dc2; balance; rewrite -z; refactor -z; balance,small_medium_high_effort,tiny|small|medium,tc_public_12,4,medium non-AIG selector rewrite bucket,medium|non_aig|not_sop|po_large,medium,1385,13,0.346738,13.5625,1370,13,passed,ok,1370,13,selected_raw,false,,false,,-15,0,0.162119,0.105917,0.060617,0.328653,13.383,0.947844,0.986751,0,0,results\pipeline_search2\smoke\high_aig_three_round\tc_public_12\selected.blif,results\pipeline_search2\smoke\high_aig_three_round\tc_public_12\raw.candidate.blif,results\pipeline_search2\smoke\high_aig_three_round\tc_public_12\logs,af0d908889b916f6c13330a60956858a58a61413334c12914a621e768578cf7c
smoke,SMOKE_ONLY_FILTER_NOT_FINAL_CONCLUSION,high_effort_small_case_family,high_aig_three_round,6048dd34878c,pipeline,false,true,strash; balance; rewrite -z; refactor -z; balance; resub -z; rewrite -z; refactor -z; dc2; balance; rewrite -z; refactor -z; balance,strash; balance; rewrite -z; refactor -z; balance; resub -z; rewrite -z; refactor -z; dc2; balance; rewrite -z; refactor -z; balance,small_medium_high_effort,tiny|small|medium,tc_public_23,5,medium near-two-input AIG bucket,medium|near_aig|not_sop|po_tiny,medium,1530,16,0.312543,12.61328125,1530,16,passed,ok,1530,16,selected_raw,false,,false,,0,0,0.162283,0.083301,0.061453,0.307037,12.445,0.982383,0.986683,0,0,results\pipeline_search2\smoke\high_aig_three_round\tc_public_23\selected.blif,results\pipeline_search2\smoke\high_aig_three_round\tc_public_23\raw.candidate.blif,results\pipeline_search2\smoke\high_aig_three_round\tc_public_23\logs,af2731012a8806d9ab87e573ec0a3a49e5f9ed9b2d64f4c9042ba7d70ed78735
smoke,SMOKE_ONLY_FILTER_NOT_FINAL_CONCLUSION,high_effort_small_case_family,high_aig_three_round,6048dd34878c,pipeline,false,true,strash; balance; rewrite -z; refactor -z; balance; resub -z; rewrite -z; refactor -z; dc2; balance; rewrite -z; refactor -z; balance,strash; balance; rewrite -z; refactor -z; balance; resub -z; rewrite -z; refactor -z; dc2; balance; rewrite -z; refactor -z; balance,small_medium_high_effort,tiny|small|medium,tc_public_9,6,tiny high-fanin SOP bucket,tiny|non_aig|high_sop|po_medium,tiny,224,5,0.284901,10.55859375,224,5,passed,ok,224,5,selected_raw,false,,false,,0,0,0.098235,0.097939,0.060256,0.256430,10.492,0.900066,0.993711,0,0,results\pipeline_search2\smoke\high_aig_three_round\tc_public_9\selected.blif,results\pipeline_search2\smoke\high_aig_three_round\tc_public_9\raw.candidate.blif,results\pipeline_search2\smoke\high_aig_three_round\tc_public_9\logs,c31d72b50281ac3a32090ce300bbe51af7c0a9fad246ef01b67fe33f2e22c730
smoke,SMOKE_ONLY_FILTER_NOT_FINAL_CONCLUSION,high_effort_small_case_family,high_aig_three_round,6048dd34878c,pipeline,false,true,strash; balance; rewrite -z; refactor -z; balance; resub -z; rewrite -z; refactor -z; dc2; balance; rewrite -z; refactor -z; balance,strash; balance; rewrite -z; refactor -z; balance; resub -z; rewrite -z; refactor -z; dc2; balance; rewrite -z; refactor -z; balance,small_medium_high_effort,tiny|small|medium,tc_public_7,7,small high-fanin SOP bucket,small|non_aig|high_sop|po_medium,small,252,3,0.270967,10.65234375,252,3,passed,ok,252,3,selected_raw,false,,false,,0,0,0.096439,0.082969,0.060280,0.239688,10.637,0.884567,0.998533,0,0,results\pipeline_search2\smoke\high_aig_three_round\tc_public_7\selected.blif,results\pipeline_search2\smoke\high_aig_three_round\tc_public_7\raw.candidate.blif,results\pipeline_search2\smoke\high_aig_three_round\tc_public_7\logs,cb9728873a4e8d541025bc16cd3fd81908c3599450b7caa33d5c3d86203c8dcf
smoke,SMOKE_ONLY_FILTER_NOT_FINAL_CONCLUSION,high_effort_small_case_family,high_aig_three_round,6048dd34878c,pipeline,false,true,strash; balance; rewrite -z; refactor -z; balance; resub -z; rewrite -z; refactor -z; dc2; balance; rewrite -z; refactor -z; balance,strash; balance; rewrite -z; refactor -z; balance; resub -z; rewrite -z; refactor -z; dc2; balance; rewrite -z; refactor -z; balance,small_medium_high_effort,tiny|small|medium,tc_public_15,8,small near-two-input AIG bucket,small|near_aig|not_sop|po_medium,small,927,11,0.323562,10.890625,922,11,passed,ok,922,11,selected_raw,false,,false,,-5,0,0.135150,0.096439,0.059200,0.290789,13.594,0.898711,1.248207,0,0,results\pipeline_search2\smoke\high_aig_three_round\tc_public_15\selected.blif,results\pipeline_search2\smoke\high_aig_three_round\tc_public_15\raw.candidate.blif,results\pipeline_search2\smoke\high_aig_three_round\tc_public_15\logs,6212b8f7140f52c6f37d9fe962c8fc194ecc56df440e2bae73079ae231bbbdc0
smoke,SMOKE_ONLY_FILTER_NOT_FINAL_CONCLUSION,high_effort_small_case_family,high_aig_three_round,6048dd34878c,pipeline,false,true,strash; balance; rewrite -z; refactor -z; balance; resub -z; rewrite -z; refactor -z; dc2; balance; rewrite -z; refactor -z; balance,strash; balance; rewrite -z; refactor -z; balance; resub -z; rewrite -z; refactor -z; dc2; balance; rewrite -z; refactor -z; balance,small_medium_high_effort,tiny|small|medium,tc_public_28,9,zero-gain guard bucket,small|near_aig|not_sop|po_small,small,520,7,0.260640,10.2890625,520,7,passed,ok,520,7,selected_raw,false,,false,,0,0,0.100794,0.081148,0.060532,0.242474,10.293,0.930301,1.000380,0,0,results\pipeline_search2\smoke\high_aig_three_round\tc_public_28\selected.blif,results\pipeline_search2\smoke\high_aig_three_round\tc_public_28\raw.candidate.blif,results\pipeline_search2\smoke\high_aig_three_round\tc_public_28\logs,ac27599ce8703c4954fc93d872fa6ac4986584ba27dfd7d6e981a49dfa586076
smoke,SMOKE_ONLY_FILTER_NOT_FINAL_CONCLUSION,high_effort_small_case_family,high_aig_three_round,6048dd34878c,pipeline,false,true,strash; balance; rewrite -z; refactor -z; balance; resub -z; rewrite -z; refactor -z; dc2; balance; rewrite -z; refactor -z; balance,strash; balance; rewrite -z; refactor -z; balance; resub -z; rewrite -z; refactor -z; dc2; balance; rewrite -z; refactor -z; balance,small_medium_high_effort,tiny|small|medium,tc_public_16,10,tiny non-SOP non-AIG guard bucket,tiny|non_aig|not_sop|po_tiny,tiny,45,6,0.251822,9.9296875,45,6,passed,ok,45,6,selected_raw,false,,false,,0,0,0.083541,0.059288,0.059096,0.201925,9.930,0.801858,1.000000,0,0,results\pipeline_search2\smoke\high_aig_three_round\tc_public_16\selected.blif,results\pipeline_search2\smoke\high_aig_three_round\tc_public_16\raw.candidate.blif,results\pipeline_search2\smoke\high_aig_three_round\tc_public_16\logs,a569f40034798b8833f229de4bbceb5520705ca309df7314e3eaacbf838ef133
smoke,SMOKE_ONLY_FILTER_NOT_FINAL_CONCLUSION,high_effort_small_case_family,high_sop_then_aig,ade382a944af,pipeline,false,true,sweep; bdd; sop; fx; strash; balance; rewrite -z; resub -z; refactor -z; dc2; balance,sweep; bdd; sop; fx; strash; balance; rewrite -z; resub -z; refactor -z; dc2; balance,small_medium_high_effort,tiny|small|medium,tc_public_30,1,largest node gain vs baseline,large|near_aig|not_sop|po_small,large,6613,21,2.162263,31.3046875,,,not_run,skipped_case_scale,6613,21,fallback_current_final,true,case scale blocked by candidate timeout guard,false,,,,0.000000,0.000000,0.000000,0.000000,0.000,,,,,,,,494a25371786e3eb899be38ab47703dc684dffe001aa46a43b6c1b5d75ce1b64
smoke,SMOKE_ONLY_FILTER_NOT_FINAL_CONCLUSION,high_effort_small_case_family,high_sop_then_aig,ade382a944af,pipeline,false,true,sweep; bdd; sop; fx; strash; balance; rewrite -z; resub -z; refactor -z; dc2; balance,sweep; bdd; sop; fx; strash; balance; rewrite -z; resub -z; refactor -z; dc2; balance,small_medium_high_effort,tiny|small|medium,tc_public_14,2,max-level pressure case; large near-two-input AIG with medium output bin,large|near_aig|not_sop|po_medium,large,3703,25,0.586281,19.07421875,,,not_run,skipped_case_scale,3703,25,fallback_current_final,true,case scale blocked by candidate timeout guard,false,,,,0.000000,0.000000,0.000000,0.000000,0.000,,,,,,,,50c9bca8cbbd6d1838318b287b03185691d38a4456150284bba329f923a85518
smoke,SMOKE_ONLY_FILTER_NOT_FINAL_CONCLUSION,high_effort_small_case_family,high_sop_then_aig,ade382a944af,pipeline,false,true,sweep; bdd; sop; fx; strash; balance; rewrite -z; resub -z; refactor -z; dc2; balance,sweep; bdd; sop; fx; strash; balance; rewrite -z; resub -z; refactor -z; dc2; balance,small_medium_high_effort,tiny|small|medium,tc_public_22,3,large near-two-input AIG with small output bin,large|near_aig|not_sop|po_small,large,11067,20,3.665116,30.44140625,,,not_run,skipped_case_scale,11067,20,fallback_current_final,true,case scale blocked by candidate timeout guard,false,,,,0.000000,0.000000,0.000000,0.000000,0.000,,,,,,,,0f841ddbeeb32afce4225f6daf266a611a039d0478467036eefdbbd711fcc80c
smoke,SMOKE_ONLY_FILTER_NOT_FINAL_CONCLUSION,high_effort_small_case_family,high_sop_then_aig,ade382a944af,pipeline,false,true,sweep; bdd; sop; fx; strash; balance; rewrite -z; resub -z; refactor -z; dc2; balance,sweep; bdd; sop; fx; strash; balance; rewrite -z; resub -z; refactor -z; dc2; balance,small_medium_high_effort,tiny|small|medium,tc_public_12,4,medium non-AIG selector rewrite bucket,medium|non_aig|not_sop|po_large,medium,1385,13,0.346738,13.5625,,,not_run,crash,1385,13,fallback_current_final,true,opt_crash_or_missing_output,false,,,,0.060545,0.000000,0.000000,0.060545,1.910,0.174613,0.140841,0,,results\pipeline_search2\smoke\high_sop_then_aig\tc_public_12\selected.blif,results\pipeline_search2\smoke\high_sop_then_aig\tc_public_12\raw.candidate.blif,results\pipeline_search2\smoke\high_sop_then_aig\tc_public_12\logs,dc5f932c464f560eb133c2f9e2a8db8b8d7b597365f9133a4257dcdc14364f3d
smoke,SMOKE_ONLY_FILTER_NOT_FINAL_CONCLUSION,high_effort_small_case_family,high_sop_then_aig,ade382a944af,pipeline,false,true,sweep; bdd; sop; fx; strash; balance; rewrite -z; resub -z; refactor -z; dc2; balance,sweep; bdd; sop; fx; strash; balance; rewrite -z; resub -z; refactor -z; dc2; balance,small_medium_high_effort,tiny|small|medium,tc_public_23,5,medium near-two-input AIG bucket,medium|near_aig|not_sop|po_tiny,medium,1530,16,0.312543,12.61328125,,,not_run,crash,1530,16,fallback_current_final,true,opt_crash_or_missing_output,false,,,,0.059563,0.000000,0.000000,0.059563,1.906,0.190575,0.151130,0,,results\pipeline_search2\smoke\high_sop_then_aig\tc_public_23\selected.blif,results\pipeline_search2\smoke\high_sop_then_aig\tc_public_23\raw.candidate.blif,results\pipeline_search2\smoke\high_sop_then_aig\tc_public_23\logs,eaca126294dd9ddc975e37b4b8e02eb7756616fcba0e680df1a4c0f46feb9940
smoke,SMOKE_ONLY_FILTER_NOT_FINAL_CONCLUSION,high_effort_small_case_family,high_sop_then_aig,ade382a944af,pipeline,false,true,sweep; bdd; sop; fx; strash; balance; rewrite -z; resub -z; refactor -z; dc2; balance,sweep; bdd; sop; fx; strash; balance; rewrite -z; resub -z; refactor -z; dc2; balance,small_medium_high_effort,tiny|small|medium,tc_public_9,6,tiny high-fanin SOP bucket,tiny|non_aig|high_sop|po_medium,tiny,224,5,0.284901,10.55859375,,,not_run,crash,224,5,fallback_current_final,true,opt_crash_or_missing_output,false,,,,0.081107,0.000000,0.000000,0.081107,10.027,0.284685,0.949686,0,,results\pipeline_search2\smoke\high_sop_then_aig\tc_public_9\selected.blif,results\pipeline_search2\smoke\high_sop_then_aig\tc_public_9\raw.candidate.blif,results\pipeline_search2\smoke\high_sop_then_aig\tc_public_9\logs,c2b2b9b5bb60368c1398f6c1b6a5b6b8df9bbbcd739ad46bd263008e8d75c83a
smoke,SMOKE_ONLY_FILTER_NOT_FINAL_CONCLUSION,high_effort_small_case_family,high_sop_then_aig,ade382a944af,pipeline,false,true,sweep; bdd; sop; fx; strash; balance; rewrite -z; resub -z; refactor -z; dc2; balance,sweep; bdd; sop; fx; strash; balance; rewrite -z; resub -z; refactor -z; dc2; balance,small_medium_high_effort,tiny|small|medium,tc_public_7,7,small high-fanin SOP bucket,small|non_aig|high_sop|po_medium,small,252,3,0.270967,10.65234375,,,not_run,crash,252,3,fallback_current_final,true,opt_crash_or_missing_output,false,,,,0.097789,0.000000,0.000000,0.097789,10.047,0.360889,0.943161,0,,results\pipeline_search2\smoke\high_sop_then_aig\tc_public_7\selected.blif,results\pipeline_search2\smoke\high_sop_then_aig\tc_public_7\raw.candidate.blif,results\pipeline_search2\smoke\high_sop_then_aig\tc_public_7\logs,7a12f87b1833bda14b3db5ab52c3a53b6768dc46c3f379897526bfd6eb367fb1
smoke,SMOKE_ONLY_FILTER_NOT_FINAL_CONCLUSION,high_effort_small_case_family,high_sop_then_aig,ade382a944af,pipeline,false,true,sweep; bdd; sop; fx; strash; balance; rewrite -z; resub -z; refactor -z; dc2; balance,sweep; bdd; sop; fx; strash; balance; rewrite -z; resub -z; refactor -z; dc2; balance,small_medium_high_effort,tiny|small|medium,tc_public_15,8,small near-two-input AIG bucket,small|near_aig|not_sop|po_medium,small,927,11,0.323562,10.890625,,,not_run,crash,927,11,fallback_current_final,true,opt_crash_or_missing_output,false,,,,0.059574,0.000000,0.000000,0.059574,1.914,0.184119,0.175753,0,,results\pipeline_search2\smoke\high_sop_then_aig\tc_public_15\selected.blif,results\pipeline_search2\smoke\high_sop_then_aig\tc_public_15\raw.candidate.blif,results\pipeline_search2\smoke\high_sop_then_aig\tc_public_15\logs,7a662c1c6a361ba91817fc81f57a59d8df3efc86d099b56eaec1c3abf523a242
smoke,SMOKE_ONLY_FILTER_NOT_FINAL_CONCLUSION,high_effort_small_case_family,high_sop_then_aig,ade382a944af,pipeline,false,true,sweep; bdd; sop; fx; strash; balance; rewrite -z; resub -z; refactor -z; dc2; balance,sweep; bdd; sop; fx; strash; balance; rewrite -z; resub -z; refactor -z; dc2; balance,small_medium_high_effort,tiny|small|medium,tc_public_28,9,zero-gain guard bucket,small|near_aig|not_sop|po_small,small,520,7,0.260640,10.2890625,,,not_run,crash,520,7,fallback_current_final,true,opt_crash_or_missing_output,false,,,,0.060122,0.000000,0.000000,0.060122,1.906,0.230670,0.185270,0,,results\pipeline_search2\smoke\high_sop_then_aig\tc_public_28\selected.blif,results\pipeline_search2\smoke\high_sop_then_aig\tc_public_28\raw.candidate.blif,results\pipeline_search2\smoke\high_sop_then_aig\tc_public_28\logs,6b995c6c8a471f613aef5b974f98af40fcc4a83af3752ead83d1eb0a22319ee8
smoke,SMOKE_ONLY_FILTER_NOT_FINAL_CONCLUSION,high_effort_small_case_family,high_sop_then_aig,ade382a944af,pipeline,false,true,sweep; bdd; sop; fx; strash; balance; rewrite -z; resub -z; refactor -z; dc2; balance,sweep; bdd; sop; fx; strash; balance; rewrite -z; resub -z; refactor -z; dc2; balance,small_medium_high_effort,tiny|small|medium,tc_public_16,10,tiny non-SOP non-AIG guard bucket,tiny|non_aig|not_sop|po_tiny,tiny,45,6,0.251822,9.9296875,,,not_run,crash,45,6,fallback_current_final,true,opt_crash_or_missing_output,false,,,,0.063099,0.000000,0.000000,0.063099,1.910,0.250570,0.192368,0,,results\pipeline_search2\smoke\high_sop_then_aig\tc_public_16\selected.blif,results\pipeline_search2\smoke\high_sop_then_aig\tc_public_16\raw.candidate.blif,results\pipeline_search2\smoke\high_sop_then_aig\tc_public_16\logs,43762aa0351682148a4fcd92b11d42d1c2b778b730c7826ff8fb96bb0e6bb3c7
